,Time,Voltage,Current,Power
0,0.0,0.0,0.0,0.0
1,1e-07,0.00018849555809916162,-0.471238895247904,-8.882643855778603e-05
2,2e-07,0.0003769911095009675,-0.47123887850451474,-0.00017765286764740863
3,4e-07,0.0007539821654230909,-0.47123876130079356,-0.00035530562167686736
4,8e-07,0.0015079639022154737,-0.4712384096896849,-0.0007106105111494714
5,1.6e-06,0.003015924375386746,-0.47123688604236036,-0.0014212148111965009
6,3.2e-06,0.006031821318466668,-0.4712309086701152,-0.00284238064083682
7,6.4e-06,0.012063423179975849,-0.4712068821906943,-0.0056843680251833706
8,1.28e-05,0.02412509075219879,-0.4711108968892228,-0.011365593141802268
9,2.28e-05,0.0429637588198551,-0.4708225064935925,-0.02022830461595037
10,3.28e-05,0.061787162068579725,-0.4703476559426387,-0.029061446846304396
11,4.28e-05,0.08058861263282822,-0.46972487226978554,-0.03785447577535447
12,5.2799999999999996e-05,0.09936143044674049,-0.4689160184258281,-0.0465921663501804
13,6.28e-05,0.11809894561753621,-0.46795974011395813,-0.055265551898914723
14,7.28e-05,0.1367945007952961,-0.4668180187740356,-0.06385813784044336
15,8.28e-05,0.15544145353828653,-0.4655296183754851,-0.07236260054540923
16,9.279999999999999e-05,0.17403317867298768,-0.4640566383595708,-0.0807612518580172
17,0.00010279999999999999,0.1925630706479858,-0.4624379603903357,-0.08904847363695467
18,0.00011279999999999999,0.2110245458808945,-0.4606358012550995,-0.09720546077633935
19,0.0001228,0.22941104509747004,-0.4586891595736766,-0.10522835947267736
20,0.0001328,0.2477160356620902,-0.45656036865733185,-0.11309732456421666
21,0.0001428,0.2659330138987687,-0.45428854317659706,-0.12081032146663338
22,0.0001528,0.28405550740188046,-0.45183613197898964,-0.12834654173179494
23,0.0001628,0.3020770773357761,-0.4492423647157935,-0.13570582054875968
24,0.0001728,0.31999132072247,-0.4464698046188982,-0.14286646244270437
25,0.0001828,0.33779187271658767,-0.44355779508698134,-0.14983021826047188
26,0.0001928,0.35547240886676507,-0.44046901242188596,-0.15657458087677287
27,0.0002028,0.3730266473626958,-0.43724291237464996,-0.16310325768621664
28,0.0002128,0.39044835126702904,-0.4338422828420043,-0.16939300404558466
29,0.0002228,0.40773133073132295,-0.43030669037268865,-0.1754495194882477
30,0.0002328,0.424869445195269,-0.42659903282461187,-0.18124889439703118
31,0.0002428,0.4418566055684031,-0.4227589858320968,-0.18679885045331093
32,0.00025279999999999996,0.45868677639353106,-0.4187495554242986,-0.1920748836937958
33,0.0002628,0.47535397799109774,-0.4146105244540301,-0.19708676211619852
34,0.0002728,0.49185228858373825,-0.41030500517799595,-0.20180945581415988
35,0.00028280000000000004,0.5081758464002577,-0.40587288564797674,-0.20625479719507558
36,0.00029280000000000007,0.5243188517582903,-0.40127738225364595,-0.2103972962998042
37,0.0003028000000000001,0.5402755691248994,-0.39655848607680966,-0.21425086175645683
38,0.0003128000000000001,0.5560403291543842,-0.39167951539742774,-0.21778960666461541
39,0.00032280000000000015,0.5716075307025722,-0.3866805620119784,-0.22102952122234984
40,0.0003328000000000002,0.5869716428168782,-0.38152504370331997,-0.22394438167831898
41,0.0003428000000000002,0.602127206701426,-0.37625315052406805,-0.2265522585376683
42,0.00035280000000000023,0.6170688376565329,-0.3708283972312678,-0.22882664804953348
43,0.00036280000000000025,0.6317912269918663,-0.36529106953539525,-0.23078769303093852
44,0.0003728000000000003,0.646289143912598,-0.35960477650117895,-0.23240866315182807
45,0.0003828000000000003,0.6605574373778795,-0.35380989676288976,-0.23371175872462657
46,0.00039280000000000033,0.674591037930983,-0.34787013089227514,-0.2346700726638068
47,0.00040280000000000036,0.6883849595004544,-0.3418259475812988,-0.23530784108195682
48,0.0004128000000000004,0.7019343011716415,-0.3356411359780509,-0.23559802622720905
49,0.0004228000000000004,0.7152342489279653,-0.3293562518381421,-0.23556687141318336
50,0.00043280000000000044,0.7282800773613173,-0.32293516982945647,-0.23518725046608668
51,0.00044280000000000046,0.7410671513509745,-0.31641852965340433,-0.23448737840491218
52,0.0004528000000000005,0.7535909277104351,-0.3097702883196334,-0.23344007895192148
53,0.0004628000000000005,0.7658469568015925,-0.30303116623824167,-0.23207549647959488
54,0.00047280000000000054,0.777830884115669,-0.29616519946557673,-0.230366438944603
55,0.00048280000000000057,0.7895384518203526,-0.28921318576860244,-0.22834493093777442
56,0.0004928000000000006,0.8009655002725852,-0.28213923684303666,-0.22598379498450824
57,0.0005028000000000006,0.8121079694964626,-0.27498422435083114,-0.2233168800811132
58,0.0005128000000000006,0.8229619006257257,-0.2677123321123247,-0.22031704965610424
59,0.0005228000000000007,0.8335234373103269,-0.26036450211772433,-0.21701991475875745
60,0.0005328000000000007,0.8437888270865718,-0.2529049866945101,-0.21339840208730573
61,0.0005428000000000007,0.8537544227103531,-0.2453747944945519,-0.20948981602136768
62,0.0005528000000000008,0.8634166834529977,-0.2377382426376755,-0.20526716498816583
63,0.0005628000000000008,0.8727721763592718,-0.23003640267602776,-0.20076937180541457
64,0.0005728000000000008,0.8818175774670933,-0.22223365271504747,-0.1959695412688465
65,0.0005828000000000008,0.8905496729885193,-0.2143711233562442,-0.1909081338030848
66,0.0005928000000000009,0.8989653604515897,-0.20641324979726505,-0.1855583615059824
67,0.0006028000000000009,0.9070616498026214,-0.1984012177543093,-0.17996213589907292
68,0.0006128000000000009,0.9148356644685594,-0.19029951554257707,-0.17409278374943843
69,0.0006228000000000009,0.9222846423790095,-0.18214937997991854,-0.1679935757743375
70,0.000632800000000001,0.9294059369475896,-0.17391534844907852,-0.16163795737488235
71,0.000642800000000001,0.9361970180122483,-0.16563870478385923,-0.15507046148606013
72,0.000652800000000001,0.9426554727342198,-0.1572840313147097,-0.1482646528925115
73,0.000662800000000001,0.9487790064552941,-0.1488926547389937,-0.1412662250317536
74,0.0006728000000000011,0.9545654435130981,-0.14042919815120314,-0.13404885981539197
75,0.0006828000000000011,0.9600127280140979,-0.13193502689878045,-0.1266593050937116
76,0.0006928000000000011,0.9651189245640481,-0.12337480059873229,-0.1190713548721524
77,0.0007028000000000011,0.9698822189556284,-0.11478991898027147,-0.11133270133432249
78,0.0007128000000000012,0.9743009188130225,-0.1061450738894294,-0.10341724301794722
79,0.0007228000000000012,0.9783734541932111,-0.0974816951200026,-0.09537350277516643
80,0.0007328000000000012,0.9820983781437654,-0.08876450240772016,-0.08717547385136033
81,0.0007428000000000013,0.9854743672169428,-0.08003495125114313,-0.07887239293945913
82,0.0007528000000000013,0.9885002219399003,-0.07125778489671575,-0.07043833618534918
83,0.0007628000000000013,0.9911748672408631,-0.062474480151415435,-0.06192313457002113
84,0.0007728000000000013,0.9934973528310914,-0.05364979935998804,-0.053300933644067294
85,0.0007828000000000014,0.9954668535425136,-0.04482523621111767,-0.04462203685038125
86,0.0007928000000000014,0.9970826696209051,-0.03596556770846604,-0.035860644265188736
87,0.0008028000000000014,0.9983442269745071,-0.027112299971641107,-0.027067408156688993
88,0.0008128000000000014,0.9992510773779989,-0.01823022020295184,-0.018216567178637788
89,0.0008228000000000015,0.9998028986317502,-0.009360842484603893,-0.009358997449742206
90,0.0008328000000000015,0.9999994946762972,-0.00046895974273297725,-0.0004689595057565036
91,0.0008428000000000015,0.9998407956620013,0.008403910457523978,0.008402572518522987
92,0.0008528000000000015,0.9993268579738667,0.017292973949217583,0.017281333321695534
93,0.0008628000000000016,0.9984578642115066,0.026156714168784845,0.02611637696375577
94,0.0008728000000000016,0.9972341231242673,0.035030340193195286,0.03493345058530588
95,0.0008828000000000016,0.9956560695015297,0.04387234094369319,0.04368176254382859
96,0.0008928000000000016,0.9937242640182323,0.05271793322117446,0.05238708939077391
97,0.0009028000000000017,0.9914393930356644,0.06152561590722172,0.06099891929120132
98,0.0009128000000000017,0.9888022683576068,0.07033061799565843,0.06954307460909938
99,0.0009228000000000017,0.9858138269419002,0.07909145278966889,0.07796944775297812
100,0.0009328000000000017,0.9824751305675502,0.08784336592783148,0.08630392240943933
101,0.0009428000000000018,0.9787873654574808,0.09654488957563956,0.09449691811612365
102,0.0009528000000000018,0.974751841857076,0.10523129044459267,0.10257439418186362
103,0.0009628000000000018,0.9703699935686552,0.11386112397644155,0.11048741814073944
104,0.0009728000000000019,0.9656433774420506,0.1224696823537883,0.11826203770236725
105,0.0009828000000000018,0.960573672821466,0.13101554867544962,0.1258500867878962
106,0.0009928000000000018,0.9551626809488126,0.1395340449572231,0.13327771246497336
107,0.0010028000000000018,0.9494123243237381,0.1479837862964999,0.14049763050998731
108,0.0010128000000000018,0.9433246460205701,0.15640012886191101,0.14753609619623376
109,0.0010228000000000019,0.9369018089624227,0.16474172404547005,0.15434681926978913
110,0.001032800000000002,0.9301460951527194,0.17304396643969966,0.16095616967362486
111,0.001042800000000002,0.9230599048644088,0.18126554797583339,0.1673189594697677
112,0.001052800000000002,0.9156457557871586,0.18944190588667453,0.17346167709336385
113,0.001062800000000002,0.9079062821328324,0.19753177682962786,0.1793403411044798
114,0.001072800000000002,0.8998442336995673,0.20557064483362097,0.1849815593714356
115,0.001082800000000002,0.8914624748947834,0.2135172954055875,0.1903426565951056
116,0.001092800000000002,0.8827639837174732,0.22140726345992334,0.19545035791586607
117,0.001102800000000002,0.873751850700133,0.22919938740709256,0.20026338892628387
118,0.0011128000000000021,0.8644292778107114,0.23692925706398427,0.20480858657604833
119,0.0011228000000000021,0.8547995773149661,0.24455576772328413,0.20904616687980032
120,0.0011328000000000022,0.8448661705996297,0.25211456804353816,0.21300306965532384
121,0.0011428000000000022,0.834632586956809,0.2595646140974992,0.21664108534664156
122,0.0011528000000000022,0.8241024623300442,0.2669416172407395,0.21998724406645762
123,0.0011628000000000022,0.813279538022475,0.2742045981377288,0.22300498889709047
124,0.0011728000000000023,0.8021676593675723,0.2813893346074039,0.22572142391301978
125,0.0011828000000000023,0.7907707743629129,0.28845491562556447,0.22810171699801632
126,0.0011928000000000023,0.7790929322674703,0.29543718914656836,0.2301730259930592
127,0.0012028000000000023,0.7671382821629361,0.3022953160801549,0.23190230948363183
128,0.0012128000000000024,0.7549110714795692,0.3090652180882003,0.23331675494403
129,0.0012228000000000024,0.7424156444871034,0.3157061315350873,0.2343851711121521
130,0.0012328000000000024,0.7296564407512511,0.32225405525752393,0.23513474697686193
131,0.0012428000000000025,0.7166379935563455,0.3286683044877563,0.2355361942736717
132,0.0012528000000000025,0.7033649282946853,0.3349849585952569,0.235616671382151
133,0.0012628000000000025,0.6898419608231572,0.3411634149811462,0.2353488391517184
134,0.0012728000000000025,0.6760738957877127,0.3472398367910756,0.23475978923203203
135,0.0012828000000000026,0.6620656249162999,0.3531737067795575,0.23382417088301383
136,0.0012928000000000026,0.6478221252808584,0.3590012749925222,0.2325689689441936
137,0.0013028000000000026,0.6333484575289863,0.3646821126010771,0.23097085350430427
138,0.0013128000000000026,0.6186497640859173,0.3702525595523767,0.2290566586192849
139,0.0013228000000000027,0.6037312673274424,0.37567227837137196,0.22680510072093613
140,0.0013328000000000027,0.5885982677244241,0.3809777017795426,0.22424281530907103
141,0.0013428000000000027,0.5732561419595632,0.38612858646350645,0.22135058377636932
142,0.0013528000000000027,0.5577103410170907,0.39116146066011837,0.21815479161749793
143,0.0013628000000000028,0.5419663882460588,0.3960361778914816,0.21463829694661993
144,0.0013728000000000028,0.5260298773979197,0.4007893645154752,0.2108271802784656
145,0.0013828000000000028,0.5099064706390944,0.4053809734257925,0.2067063814237864
146,0.0013928000000000028,0.49360189653923087,0.4098477315673925,0.20230161759396653
147,0.0014028000000000029,0.47712194803587066,0.4141496936006135,0.19759990858918366
148,0.001412800000000003,0.4604724803762458,0.4183236893806317,0.19262654684924166
149,0.001422800000000003,0.4436594090369376,0.42232987758477947,0.18737062390790546
150,0.001432800000000003,0.4266887076221349,0.4262051931553579,0.18185694304930203
151,0.001442800000000003,0.4095664057412427,0.42990990088925685,0.1760766528997868
152,0.001452800000000003,0.3922985868665898,0.4334810428433933,0.17005400054091885
153,0.001462800000000003,0.3748913861719988,0.4368789918861573,0.16378217085762692
154,0.001472800000000003,0.3573509883529905,0.44014089906425724,0.15728478529518616
155,0.001482800000000003,0.3396836254293897,0.44322724711578587,0.15055703818937816
156,0.0014928000000000031,0.3218955745311166,0.4461752977978648,0.14362185382623574
157,0.0015028000000000031,0.3039931556679573,0.44894564536009973,0.13647640345640435
158,0.0015128000000000032,0.285982729484088,0.4515756638333688,0.12914284091165576
159,0.0015228000000000032,0.2678706949981735,0.45402606046235405,0.12162027636333353
160,0.0015328000000000032,0.24966348732982455,0.4563343229550938,0.11393001845726312
161,0.0015428000000000032,0.231367575413229,0.4584612728746862,0.10607307312587891
162,0.0015528000000000033,0.21298945969877317,0.46044451284810606,0.09806982801278293
163,0.0015628000000000033,0.19453566984346124,0.462244979917493,0.0899231368000268
164,0.0015728000000000033,0.17601276239095803,0.4639003927076679,0.08165238959472687
165,0.0015828000000000033,0.15742731844208288,0.4653718047360904,0.07326223529815531
166,0.0015928000000000034,0.13878594131657443,0.4666970515393345,0.0647709896075564
167,0.0016028000000000034,0.12009525420696097,0.46783730394133904,0.05618503994433438
168,0.0016128000000000034,0.10136189782537595,0.4688305151379133,0.04752155077282754
169,0.0016228000000000034,0.08259252804414065,0.4696379739238523,0.03878858753189917
170,0.0016328000000000035,0.06379381353096489,0.47029775173493604,0.03000208707821053
171,0.0016428000000000035,0.044972433379603355,0.4707712558331405,0.02117172893998812
172,0.0016528000000000035,0.026135074736804032,0.4710966763068254,0.01231214684353886
173,0.0016628000000000036,0.0072884304263955285,0.47123553921359973,0.0034345674420033037
174,0.0016728000000000036,-0.011560803428638754,0.4712261535381146,-0.0054477529314876875
175,0.0016828000000000036,-0.030405929785262527,0.4710301642930741,-0.014322110102235884
176,0.0016928000000000036,-0.04924025305981546,0.4706859994345729,-0.02317669772387053
177,0.0017028000000000037,-0.06805708150691953,0.4701554229206302,-0.03199740593862955
178,0.0017128000000000037,-0.08684972959702555,0.4694769815846711,-0.04077394890265643
179,0.0017228000000000037,-0.10561152039175145,0.46861255815162384,-0.04949088474106103
180,0.0017328000000000037,-0.12433578791616387,0.46760081806899745,-0.05813951614485159
181,0.0017428000000000038,-0.14301587952716877,0.4664037624812476,-0.06670314430603634
182,0.0017528000000000038,-0.16164515827716508,0.4650601750185688,-0.07517472559928265
183,0.0017628000000000038,-0.18021700527211845,0.46353217472909947,-0.08353638037695064
184,0.0017728000000000038,-0.19872482202322275,0.4618586628261152,-0.09178278057000339
185,0.0017828000000000039,-0.21716203279131388,0.4600018755784383,-0.0998949423884307
186,0.001792800000000004,-0.23552208692319648,0.458000831015692,-0.10786931153337403
187,0.001802800000000004,-0.2537984611790619,0.45581788177757865,-0.11568587697304902
188,0.001812800000000004,-0.27198466205016175,0.4534921617774117,-0.12334291236342661
189,0.001822800000000004,-0.2900742280659218,0.45098613901058826,-0.1308194561419269
190,0.001832800000000004,-0.3080607320896731,0.44833906217697717,-0.13811565971863707
191,0.001842800000000004,-0.3259377836021805,0.4455135134483932,-0.14520968713818952
192,0.001852800000000004,-0.34369903097216487,0.44254885505081987,-0.15210361263880784
193,0.001862800000000004,-0.36133816371300875,0.439407781991374,-0.15877480106596914
194,0.001872800000000004,-0.37884891472483967,0.4361297686001713,-0.16522728951337035
195,0.0018828000000000041,-0.3962250625212027,0.43267762121797304,-0.17143771751861664
196,0.0018928000000000042,-0.4134604334395239,0.4290909246980803,-0.1774121197106344
197,0.0019028000000000042,-0.4305489038345851,0.42533259505497867,-0.18312648256604053
198,0.0019128000000000042,-0.4474844022542233,0.4214423259269289,-0.18858886730204133
199,0.0019228000000000042,-0.46426091159648997,0.41738314118640574,-0.1937746776122072
200,0.0019328000000000043,-0.48087247124749993,0.413194841364092,-0.19869402447346962
201,0.0019428000000000043,-0.4973131791992067,0.4088405562212465,-0.2033217967999601
202,0.0019528000000000043,-0.5135771941463589,0.4043601911363659,-0.2076701723883002
203,0.001962800000000004,-0.5296587375618899,0.39971697964018205,-0.21171359081827046
204,0.001972800000000004,-0.5455520957499975,0.3949509297652014,-0.2154663074518157
205,0.001982800000000004,-0.5612516218761956,0.3900253765447026,-0.21890237515858824
206,0.001992800000000004,-0.5767517379736073,0.3849804283258784,-0.22203813112277415
207,0.0020028000000000042,-0.5920469369247884,0.3797795192331712,-0.22484730106876777
208,0.0020128000000000043,-0.6071317844183811,0.3744628554464704,-0.22734830162561787
209,0.0020228000000000043,-0.6220009208799,0.3689939676294678,-0.229514587664657
210,0.0020328000000000043,-0.636649063375961,0.3634131571735786,-0.23136664613305974
211,0.0020428000000000043,-0.651071007491284,0.3576840485925672,-0.2328777138807241
212,0.0020528000000000044,-0.665261629177797,0.35184703573307985,-0.23407033221316725
213,0.0020628000000000044,-0.6792158865751848,0.3458658341363119,-0.23491756916896092
214,0.0020728000000000044,-0.6929288218022388,0.3397809272163812,-0.23544399756691928
215,0.0020828000000000044,-0.7063955627183692,0.33355611859013834,-0.23562256208963586
216,0.0020928000000000045,-0.7196113246546515,0.32723197822397054,-0.2354798373191135
217,0.0021028000000000045,-0.7325714121137986,0.3207723947333889,-0.23498868617696353
218,0.0021128000000000045,-0.7452712204384466,0.3142180214990091,-0.2341776483663206
219,0.0021228000000000045,-0.7577062374471697,0.3075328289371413,-0.2330195427054454
220,0.0021328000000000046,-0.7698720450376352,0.30075755058612685,-0.2315448305302515
221,0.0021428000000000046,-0.7817643207563355,0.2938562353488763,-0.22972632022752815
222,0.0021528000000000046,-0.7933788393343346,0.2868696935510684,-0.2275963445097429
223,0.0021628000000000046,-0.8047114741884847,0.27976204915643166,-0.22512773099866343
224,0.0021728000000000047,-0.8157581988875843,0.27257418579855397,-0.22235462687027813
225,0.0021828000000000047,-0.8265150885829485,0.2652702989696536,-0.2192499046513285
226,0.0021928000000000047,-0.8369783214028879,0.2578913420272997,-0.2158494625543473
227,0.0022028000000000048,-0.8471441798106039,0.25040157835849186,-0.21212623972178524
228,0.0022128000000000048,-0.8570090519250106,0.24284202736183857,-0.20811781563691678
229,0.002222800000000005,-0.8665694328040177,0.23517701658850143,-0.20379721387363875
230,0.002232800000000005,-0.8758219256898221,0.22744762770171434,-0.19920361928729718
231,0.002242800000000005,-0.8847632432157588,0.21961824859511836,-0.1943101538963817
232,0.002252800000000005,-0.8933902085742852,0.21173001933119906,-0.18915752613173736
233,0.002262800000000005,-0.901699756645688,0.20374738423893035,-0.18371896678543898
234,0.002272800000000005,-0.9096889350871048,0.19571153783190454,-0.17803662043456486
235,0.002282800000000005,-0.917354905381476,0.1875869768866565,-0.1720838334326559
236,0.002292800000000005,-0.9246949438460589,0.179414946342483,-0.165904093733306
237,0.002302800000000005,-0.9317064426001377,0.17115999136144922,-0.15947086666684615
238,0.002312800000000005,-0.9383869104915907,0.16286340321120463,-0.15282888577150852
239,0.002322800000000005,-0.9447339739819859,0.15448977130854757,-0.14595173558789235
240,0.002332800000000005,-0.9507453779898878,0.1460804290865454,-0.1388852927688126
241,0.002342800000000005,-0.956418986692076,0.13760000602287192,-0.13160325832921874
242,0.002352800000000005,-0.9617527842823944,0.1290898734930508,-0.12415254525460366
243,0.002362800000000005,-0.9667448756879569,0.12051469678507232,-0.11650696556205656
244,0.002372800000000005,-0.971393487242457,0.11191588093993232,-0.10871435786405248
245,0.0023828000000000052,-0.9756969673163446,0.10325812275445401,-0.10074863722229961
246,0.0023928000000000053,-0.9796537869036412,0.0945828566103799,-0.09265845365452277
247,0.0024028000000000053,-0.9832625401651879,0.08585480646695487,-0.08441781509208865
248,0.0024128000000000053,-0.9865219449281345,0.07711543168038304,-0.07607606564530416
249,0.0024228000000000053,-0.9894308431414889,0.0683294789873301,-0.06760729400585268
250,0.0024328000000000054,-0.9919882012875668,0.05953842831657852,-0.05906141841325146
251,0.0024428000000000054,-0.9941931107491961,0.05070704476489851,-0.050412594571713196
252,0.0024528000000000054,-0.9960447881325442,0.041876824402493185,-0.04171119268964508
253,0.0024628000000000054,-0.9975425755454534,0.03301254624297201,-0.03293142040452768
254,0.0024728000000000055,-0.9986859408311881,0.024155718043765262,-0.024123976000990616
255,0.0024828000000000055,-0.9994744777575065,0.015271128272146939,-0.015263102954571955
256,0.0024928000000000055,-0.9999079061609932,0.006400291902188826,-0.006399702474736789
257,0.0025028000000000055,-0.9999860720466006,-0.002491997621817177,0.0024919629133904287
258,0.0025128000000000056,-0.9997089476423614,-0.011364222590152906,0.011360915006375313
259,0.0025228000000000056,-0.999076631409257,-0.020251589065082953,0.02023288938382762
260,0.0025328000000000056,-0.9980893480062343,-0.02911258108604642,0.029056957074950696
261,0.0025428000000000056,-0.9967474482103851,-0.037982408706405124,0.03785886895499322
262,0.0025528000000000057,-0.9950514087923173,-0.04681956219698691,0.04658787132315135
263,0.0025628000000000057,-0.9930018323467604,-0.05565926008085853,0.05526974724735742
264,0.0025728000000000057,-0.9905994470784661,-0.06446000333385626,0.0638540436611941
265,0.0025828000000000058,-0.987845106543481,-0.0732570234154224,0.07236659210086623
266,0.0025928000000000058,-0.9847397893458821,-0.0820088364645315,0.08075736434458365
267,0.002602800000000006,-0.9812845987900832,-0.09075069132541813,0.08905225572718561
268,0.002612800000000006,-0.9774807624888368,-0.09944112373691638,0.09720178545310779
269,0.002622800000000006,-0.973329631927068,-0.10811540435152978,0.10523192672312061
270,0.002632800000000006,-0.9688326819816994,-0.11673209291691222,0.113093866654029
271,0.002642800000000006,-0.963991510397634,-0.12532648628636167,0.12081366880801815
272,0.002652800000000006,-0.9588078372200837,-0.13385717259115637,0.1283433061485221
273,0.002662800000000006,-0.9532835041834454,-0.14235947924076697,0.1357089432243688
274,0.002672800000000006,-0.947420474056943,-0.15079202708435702,0.1428634537842689
275,0.002682800000000006,-0.9412208299472625,-0.15919017839966187,0.14983311183278253
276,0.002692800000000006,-0.9346867745584356,-0.16751259104168525,0.1565718034186791
277,0.002702800000000006,-0.9278206294092298,-0.17579466641859653,0.16310591804328783
278,0.002712800000000006,-0.9206248340083223,-0.18399510362677773,0.1693904617347463
279,0.002722800000000006,-0.913101944987555,-0.1921493474115934,0.17545194284961535
280,0.002732800000000006,-0.9052546351935767,-0.20021614228732432,0.18124659084617703
281,0.002742800000000006,-0.8970856927381906,-0.20823098048198574,0.18680103337523482
282,0.002752800000000006,-0.8885980200077543,-0.21615265603983147,0.19207282217641142
283,0.0027628000000000062,-0.8797946326319733,-0.22401671274921853,0.197088701496621
284,0.0027728000000000062,-0.8706786584124645,-0.23178199822622503,0.20180763925976983
285,0.0027828000000000063,-0.8612533362114609,-0.23948411182394835,0.2062564902780141
286,0.0027928000000000063,-0.8515220148010604,-0.24708195869607863,0.21039572728987727
287,0.0028028000000000063,-0.8414881516734241,-0.25461119768574036,0.21425230613593044
288,0.0028128000000000064,-0.8311553118123433,-0.26203079536830387,0.21778828742877893
289,0.0028228000000000064,-0.8205271664266193,-0.26937647391790165,0.22103071484584996
290,0.0028328000000000064,-0.8096074916457012,-0.2766072651279998,0.2239433140912574
291,0.0028428000000000064,-0.7984001671780432,-0.28375895825489295,0.22655319970897392
292,0.0028528000000000065,-0.7869091749326628,-0.2907906540141312,0.22882583362838937
293,0.0028628000000000065,-0.7751385976043903,-0.2977382123994943,0.2307883804125821
294,0.0028728000000000065,-0.7630926172233029,-0.3045608066548766,0.23240810305391013
295,0.0028828000000000065,-0.7507755136688711,-0.3112943710667153,0.23371219133984134
296,0.0028928000000000066,-0.7381916631493395,-0.3178981549098694,0.23466976768502285
297,0.0029028000000000066,-0.7253455366468776,-0.324408170213232,0.23530801831594836
298,0.0029128000000000066,-0.7122416983290629,-0.33078374567750757,0.2355979768009968
299,0.0029228000000000066,-0.6988848039272554,-0.3370609744128714,0.23556679301406927
300,0.0029328000000000067,-0.685279599082435,-0.34319926782814036,0.23518745666265325
301,0.0029428000000000067,-0.6714309176590997,-0.3492348033386179,0.23448704448414343
302,0.0029528000000000067,-0.6573436800278176,-0.35512707822549316,0.23344054047827234
303,0.0029628000000000067,-0.6430228913170418,-0.3609123573132962,0.23207490751164503
304,0.0029728000000000068,-0.6284736396348098,-0.3665502267982994,0.23036715514489223
305,0.002982800000000007,-0.6137010942609676,-0.37207704189381374,0.2283440877596174
306,0.002992800000000007,-0.5987105038105448,-0.37745248062732983,0.22598476484092855
307,0.003002800000000007,-0.5835071943689479,-0.3827129914525216,0.223315783891008
308,0.003012800000000007,-0.568096567599631,-0.3878183470133294,0.22031827179043503
309,0.003022800000000007,-0.5524840988249048,-0.3928050917229875,0.2170185671144088
310,0.003032800000000007,-0.5366753350805835,-0.39763309549307024,0.21339987476287314
311,0.003042800000000007,-0.5206758931451518,-0.40233900127851285,0.20948821883781807
312,0.003052800000000007,-0.5044914575441454,-0.40688277877181633,0.20526888611220567
313,0.003062800000000007,-0.48812777853046835,-0.4113011719120401,0.2007675273524024
314,0.003072800000000007,-0.47159067004135824,-0.415554252543469,0.19597150839551034
315,0.003082800000000007,-0.454886007632717,-0.4196788678885923,0.19090604470166025
316,0.003092800000000007,-0.43801972639155656,-0.42363519416943163,0.18556057183992838
317,0.003102800000000007,-0.42099781882729265,-0.42746018404376684,0.17995980511793894
318,0.003112800000000007,-0.40382633274263013,-0.4311141201893598,0.17409523414963465
319,0.003122800000000007,-0.3865113690848101,-0.43463406270164384,0.16799100662570557
320,0.003132800000000007,-0.3690590797779746,-0.43798040264013594,0.16164064435915537
321,0.0031428000000000072,-0.35147566553741233,-0.4411903093879772,0.15506765762079613
322,0.0031528000000000072,-0.33376737366647663,-0.444224284158814,0.14826757264255797
323,0.0031628000000000073,-0.3159404958369508,-0.4471196073174788,0.14126319043430696
324,0.0031728000000000073,-0.29800136585364123,-0.4498368918479976,0.13405200818205998
325,0.0031828000000000073,-0.27995635740401253,-0.45241353063343404,0.12665604407642483
326,0.0031928000000000074,-0.26181188179364423,-0.45481024988497865,0.11907472738142383
327,0.0032028000000000074,-0.24357438566832287,-0.4570645563810878,0.11132921853128798
328,0.0032128000000000074,-0.22525034872358088,-0.45913729085601496,0.10342083487731756
329,0.0032228000000000074,-0.20684628140249436,-0.4610660751983122,0.09536980313561372
330,0.0032328000000000075,-0.18836872258254853,-0.4628118657989795,0.08717927995659965
331,0.0032428000000000075,-0.16982423725240817,-0.4644124007080386,0.0788684817208024
332,0.0032528000000000075,-0.151219414179411,-0.4658287529418219,0.07044235112778789
333,0.0032628000000000075,-0.13256086356860503,-0.46709877759848073,0.06191901733029438
334,0.0032728000000000076,-0.11385521471417642,-0.4681836651229503,0.05330515171824358
335,0.0032828000000000076,-0.09510911364409579,-0.4691213883810823,0.04461771944041235
336,0.0032928000000000076,-0.07632922075881068,-0.4698732558831731,0.03586505947696786
337,0.0033028000000000076,-0.057522208464839686,-0.4704773588153768,0.027062896711765285
338,0.0033128000000000077,-0.038694758804100796,-0.470895124221568,0.018221173253780656
339,0.0033228000000000077,-0.01985356107980847,-0.47116476199304846,0.009354298380882408
340,0.0033328000000000077,-0.0010053094797986752,-0.4712478180074413,0.0004737498987773216
341,0.0033428000000000077,0.017843299301882394,-0.4711826210766122,-0.00840745253371543
342,0.0033528000000000078,0.0366855684442827,-0.47093083604340324,-0.017276365418193544
343,0.003362800000000008,0.0555148033788992,-0.47053091068742114,-0.026121430990506563
344,0.003372800000000008,0.07432431416821457,-0.469944628778348,-0.034928312230986906
345,0.003382800000000008,0.09310741788261086,-0.4692105569414666,-0.04368698340008171
346,0.003392800000000008,0.11185744097477451,-0.46829059766671666,-0.05238178788754664
347,0.003402800000000008,0.13056772165078315,-0.46722343613371464,-0.06100429955782931
348,0.003412800000000008,0.1492316122370011,-0.4659710931771812,-0.06953761749066861
349,0.003422800000000008,0.16784248154197692,-0.4645723720716086,-0.07797497978434141
350,0.003432800000000008,0.1863937172124618,-0.4629894114526376,-0.08629831743066706
351,0.003442800000000008,0.20487872808275764,-0.46126113206215535,-0.09450259405090729
352,0.003452800000000008,0.22329094651651907,-0.4593497896259162,-0.10256864930773474
353,0.003462800000000008,0.2416238307402102,-0.4572944215586432,-0.11049322991312793
354,0.003472800000000008,0.259870867167358,-0.45505739979874704,-0.11825616109662353
355,0.003482800000000008,0.2780255727128088,-0.45267787747379096,-0.12585602613906943
356,0.003492800000000008,0.2960814970961272,-0.45011834169212683,-0.13327171247863104
357,0.003502800000000008,0.3140322251333517,-0.4474180601690989,-0.14050368899974996
358,0.003512800000000008,0.33187137901628955,-0.44453963397779006,-0.1475299813556058
359,0.003522800000000008,0.3495926205785068,-0.4415224441330743,-0.1543529882887088
360,0.0035328000000000082,0.36718965354725985,-0.4383292043045799,-0.16094994866824477
361,0.0035428000000000083,0.38465622578052283,-0.4349994073585748,-0.16732523025131357
362,0.0035528000000000083,0.40198613148835444,-0.43149587803300804,-0.17345535876365972
363,0.0035628000000000083,0.41917321343777014,-0.4278582194377769,-0.17934670473749556
364,0.0035728000000000083,0.4362113651403958,-0.4240493656935058,-0.1849751526960831
365,0.0035828000000000084,0.4530945330220582,-0.42010902838961073,-0.19034910403654126
366,0.0035928000000000084,0.4698167185736017,-0.4160002491875616,-0.19544387199910082
367,0.0036028000000000084,0.486371980482123,-0.41176284623850634,-0.2002699110139782
368,0.0036128000000000085,0.5027544367418973,-0.4073599667502137,-0.2048020306347017
369,0.0036228000000000085,0.5189582667442203,-0.4028315333659407,-0.20905275434550513
370,0.0036328000000000085,0.5349777133454516,-0.39814079669563185,-0.21299645300576547
371,0.0036428000000000085,0.5508070849124901,-0.39332778165628923,-0.21664772882919706
372,0.0036528000000000086,0.5664407573449929,-0.3883558399688525,-0.21998057611130767
373,0.0036628000000000086,0.5818731760735847,-0.3832650964607396,-0.22301167895575935
374,0.0036728000000000086,0.5970988580333761,-0.37801900152884116,-0.22571471412778812
375,0.0036828000000000086,0.6121123936120635,-0.37265777740552863,-0.22810844412584969
376,0.0036928000000000087,0.6269084485719474,-0.36714497058867224,-0.23016628391273777
377,0.0037028000000000087,0.6414817659451522,-0.3615208980715643,-0.2319090641210244
378,0.0037128000000000087,0.6558271679014072,-0.3557491997411759,-0.23330999014944742
379,0.0037228000000000087,0.6699395575877058,-0.349870284573754,-0.2343919436604255
380,0.0037328000000000088,0.6838139209391892,-0.34384788300041436,-0.23512796908115294
381,0.003742800000000009,0.6974453284606242,-0.3377224930713254,-0.23554297510867145
382,0.003752800000000009,0.7108289369778242,-0.3314579327886733,-0.23560989001703975
383,0.003762800000000009,0.7239599913584137,-0.3250947862407969,-0.2353556186375527
384,0.003772800000000009,0.7368338262012926,-0.3185969559031463,-0.23475301403419976
385,0.003782800000000009,0.7494458674942447,-0.31200510874445797,-0.23383093938562646
386,0.003792800000000009,0.7617916342390504,-0.30528322849583134,-0.2325622095416128
387,0.003802800000000009,0.7738667400435723,-0.29847206173025853,-0.23097760140527904
388,0.003812800000000009,0.7856668946802133,-0.29153567010180126,-0.22904992461739732
389,0.003822800000000009,0.7971879056102219,-0.2845148763986316,-0.2268118184311763
390,0.003832800000000009,0.8084256794732698,-0.2773738167537658,-0.22423611627725737
391,0.003842800000000009,0.8193762235418162,-0.2701533866735488,-0.22135726174960443
392,0.003852800000000009,0.8300356471396942,-0.26281779322035703,-0.2181481370754854
393,0.003862800000000009,0.8404001630244567,-0.25540800101776995,-0.2146449256930845
394,0.003872800000000009,0.8504660887329603,-0.2478882844074164,-0.21082057968269907
395,0.003882800000000009,0.860229847889733,-0.24029967343123104,-0.2067129515237004
396,0.003892800000000009,0.8696879714776351,-0.23260650596387222,-0.20229508032422047
397,0.003902800000000009,0.878837099070394,-0.22484987367406717,-0.19760641070606175
398,0.003912800000000009,0.8876739800265393,-0.21699417413321243,-0.1926200821954006
399,0.003922800000000008,0.8961954746443452,-0.2090805567570868,-0.18737704880182138
400,0.003932800000000008,0.904398555277351,-0.2010734748932066,-0.18185056019801277
401,0.003942800000000008,0.9122803074100667,-0.1930141317425793,-0.17608299144060738
402,0.003952800000000007,0.9198379306934905,-0.18486703242861324,-0.170047708562582
403,0.003962800000000007,0.9270687399400557,-0.17667342989964396,-0.1637884140379507
404,0.003972800000000006,0.9339701660776671,-0.1683978769809258,-0.15727859313100181
405,0.003982800000000006,0.94053975706248,-0.16008167225971448,-0.1505631771373074
406,0.0039928000000000055,0.9467751787501004,-0.15168941212129994,-0.1436157702756414
407,0.004002800000000005,0.9526742157248924,-0.14326243661830063,-0.13648242944817665
408,0.004012800000000005,0.9582347720871083,-0.1347653814924925,-0.12913687461969076
409,0.004022800000000004,0.9634548721975493,-0.12623962402955868,-0.12162618083566513
410,0.004032800000000004,0.9683326613795029,-0.11764983506812143,-0.1139241779023736
411,0.0040428000000000035,0.9728664065776985,-0.10903742484165235,-0.10607884768818421
412,0.004052800000000003,0.9770544969740554,-0.10036709497619256,-0.09806412149471107
413,0.004062800000000003,0.9808954445599978,-0.09168028432092967,-0.0899287732463653
414,0.004072800000000002,0.9843878846651372,-0.08294172093603436,-0.08164682522270898
415,0.004082800000000002,0.9875305764421344,-0.07419286791382973,-0.0732677256188394
416,0.0040928000000000015,0.990322403307565,-0.06539847535770349,-0.06476557528889149
417,0.004102800000000001,0.9927623733386376,-0.05660002619590898,-0.05619037633727966
418,0.004112800000000001,0.994849619625618,-0.047762288153101906,-0.047516294201562594
419,0.0041228,0.9965834005798395,-0.03892675955796676,-0.03879376241383228
420,0.0041328,0.9979631001971845,-0.030058221309268163,-0.02999699572421033
421,0.0041427999999999994,0.9989882282769483,-0.021198182678922706,-0.021176734957108086
422,0.004152799999999999,0.999658420596006,-0.012311433273964667,-0.012307227941924634
423,0.004162799999999999,0.9999734390382173,-0.0034394888365909537,-0.003439397480459413
424,0.004172799999999998,0.9999331716790301,0.005452856795969296,0.005452492390705132
425,0.004182799999999998,0.999537632825245,0.014324085893292704,0.014317462906167274
426,0.004192799999999997,0.9987869630099336,0.023209404872282846,0.02318125100565534
427,0.004202799999999997,0.9976814289425068,0.03206729849906509,0.03199294818887316
428,0.004212799999999997,0.9962214234139546,0.04093297792854145,0.040778309536543544
429,0.004222799999999996,0.9944074651572893,0.04976493490471512,0.04948662277231527
430,0.004232799999999996,0.9922401986632423,0.05859838979763765,0.05814367793415409
431,0.004242799999999995,0.9897203939512789,0.06739184580053603,0.06669908417481037
432,0.004252799999999995,0.9868489462960153,0.07618053696264582,0.07517868262985167
433,0.0042627999999999945,0.98362687590913,0.08492298238162022,0.08353252785291918
434,0.004272799999999994,0.9800553275768902,0.09365443423037334,0.09178652721867686
435,0.004282799999999994,0.9761355702534114,0.10233343194356337,0.0998913029462189
436,0.004292799999999993,0.9718689966098062,0.11099525023669798,0.10787284247599402
437,0.004302799999999993,0.9672571225393746,0.11959845328489394,0.11568245578450632
438,0.0043127999999999925,0.9623015866190138,0.12817834273315043,0.12334622258230639
439,0.004322799999999992,0.9570041495270398,0.136693511865559,0.13081625806876362
440,0.004332799999999992,0.9513666934176266,0.14517929360511062,0.13811874450980086
441,0.004342799999999991,0.9453912212520874,0.15359431467185658,0.1452067167250039
442,0.004352799999999991,0.9390798560872293,0.16197394357105566,0.15210646761858795
443,0.0043627999999999905,0.9324348403210424,0.1702768447382894,0.15877206253391782
444,0.00437279999999999,0.9254585348959885,0.17853842651440743,0.1652299106246586
445,0.00438279999999999,0.9181534184601663,0.18671739527670184,0.1714352147592819
446,0.004392799999999989,0.910522086486661,0.1948492033985616,0.1774145032287221
447,0.004402799999999989,0.9025672503513846,0.20289260336525672,0.18312421913601384
448,0.004412799999999988,0.8942917363697397,0.21088309571698716,0.18859100983977045
449,0.004422799999999988,0.8856984847924383,0.21877948314807583,0.19377265672792354
450,0.004432799999999988,0.876790548760848,0.22661731843143684,0.19869592298621136
451,0.004442799999999987,0.8675710932222239,0.23435545849977757,0.20332002133324756
452,0.004452799999999987,0.8580433938052209,0.24202951235037773,0.20767182417814073
453,0.004462799999999986,0.8482108356560748,0.24959839510693627,0.21171206329206954
454,0.004472799999999986,0.8380769122358743,0.257097775903091,0.2154677101715733
455,0.004482799999999986,0.8276452240793595,0.2644866319226651,0.2189010977436292
456,0.004492799999999985,0.8169194775156596,0.27180069626233205,0.2220392827790168
457,0.004502799999999985,0.805903483351456,0.27899901194785315,0.22484627558038933
458,0.004512799999999984,0.7946011555170233,0.2861173797737848,0.2273492005817524
459,0.004522799999999984,0.7830165096756224,0.29311491229624664,0.22951381556008324
460,0.0045327999999999835,0.7711536617967595,0.3000274816468931,0.23136729111166165
461,0.004542799999999983,0.7590168266937982,0.30681427350116763,0.23287719625721937
462,0.004552799999999983,0.7466103165264619,0.3135112348656435,0.23407072229764003
463,0.004562799999999982,0.7339385392687371,0.3200776280205986,0.2349173067620403
464,0.004572799999999982,0.7210059971427437,0.32654947827907677,0.23544413220304847
465,0.0045827999999999815,0.7078172850191219,0.33288612790201455,0.2356225552721321
466,0.004592799999999981,0.6943770887844884,0.33912368382965496,0.23547971631550713
467,0.004602799999999981,0.6806901836765683,0.3452215715663556,0.23498893495861614
468,0.00461279999999998,0.6667614325875733,0.35121598288339584,0.2341772718949856
469,0.00462279999999998,0.6525957843364458,0.35706642967297597,0.23302004673265012
470,0.0046327999999999795,0.6381982719105541,0.36280919162160785,0.23154419912617522
471,0.004642799999999979,0.6235740106775076,0.3684038700307255,0.22972707878417475
472,0.004652799999999979,0.6087281965676901,0.37388683546015145,0.22759545907005865
473,0.004662799999999978,0.5936661042281632,0.3792177815161928,0.22512874300676494
474,0.004672799999999978,0.5783930851486139,0.38443317246128217,0.22235348865335014
475,0.004682799999999977,0.5629145657599997,0.38949279696943506,0.21925116867269726
476,0.004692799999999977,0.547236045506555,0.3944332157028043,0.21584807317763666
477,0.004702799999999977,0.531363094891871,0.3992143150314007,0.21212775396022343
478,0.004712799999999976,0.5153013534997184,0.40387275457621996,0.20811617707478572
479,0.004722799999999976,0.4990565279903371,0.4083685208928465,0.20379897617733342
480,0.004732799999999975,0.48263439007287745,0.41273837498013677,0.19920173386820889
481,0.004742799999999975,0.46604077445474557,0.4169424059264557,0.1943121617609903
482,0.004752799999999975,0.44928157676855646,0.42101747838299985,0.1891553965350358
483,0.004762799999999974,0.43236275147745035,0.4249237861723074,0.1837212173576746
484,0.004772799999999974,0.41529030975949055,0.42869829972568496,0.17803424968644663
485,0.004782799999999973,0.39807031737192705,0.43230131965249186,0.1720863235143703
486,0.004792799999999973,0.38070889249606016,0.43576992414086035,0.1659014852027591
487,0.0048027999999999725,0.3632122035634797,0.43906452248816663,0.159473592719474
488,0.004812799999999972,0.34558646706444934,0.44222230246335315,0.15282604316541654
489,0.004822799999999972,0.32783794533922334,0.4452037837979468,0.14595469373756667
490,0.004832799999999971,0.3099729443530574,0.4480462655103512,0.13888222012663526
491,0.004842799999999971,0.2919978114557356,0.45071037935573877,0.13160644437226007
492,0.0048527999999999705,0.27391893312638393,0.45323353711184566,0.1241492469427741
493,0.00486279999999997,0.25574273270439146,0.4555764839877785,0.11651037497089291
494,0.00487279999999997,0.23747566810721837,0.45777674587087525,0.10871083856963441
495,0.004882799999999969,0.2191242295359335,0.4597951826933695,0.10075226515201838
496,0.004892799999999969,0.20069493716928208,0.4616694356392017,0.0926547183785875
497,0.0049027999999999685,0.18219433884708708,0.4633604804705467,0.08442165638719985
498,0.004912799999999968,0.16362900774383957,0.46490607469182876,0.0760721196959073
499,0.004922799999999968,0.14500554003327773,0.4662673108362645,0.0676113432076767
500,0.004932799999999967,0.12633055254480485,0.4674820635873793,0.05905726739777922
501,0.004942799999999967,0.10761068041255238,0.46851154302524467,0.05041684592608139
502,0.004952799999999966,0.08885257471794678,0.4693937417050371,0.04170684250698342
503,0.004962799999999966,0.07006290012662766,0.47008998786091905,0.03293586787002718
504,0.004972799999999966,0.05124833252050633,0.47063839244514716,0.02411943283294546
505,0.004982799999999965,0.032415556625863685,0.4710004022869856,0.015267740211138357
506,0.004992799999999965,0.013571263638304137,0.4712142470909926,0.006394972777396849
507,0.005002799999999964,-0.005277851154604926,0.4712414925544608,-0.0024871424555763097
508,0.005012799999999964,-0.02412509075212987,0.4711204873217866,-0.011365824511825752
509,0.005022799999999964,-0.042963758819786826,0.47081291606106124,-0.020227892574887975
510,0.005032799999999963,-0.06178716206851034,0.4703572463751149,-0.029062039411877474
511,0.005042799999999963,-0.08058861263275778,0.46971528183725697,-0.03785370289566935
512,0.005052799999999962,-0.09936143044666901,0.4689256088583047,-0.04659311926923636
513,0.005062799999999962,-0.11809894561746546,0.4679501496815188,-0.05526441927892251
514,0.0050727999999999615,-0.13679450079522434,0.4668276092064243,-0.0638594497588209
515,0.005082799999999961,-0.15544145353821384,0.46552002794304936,-0.07236110979461752
516,0.005092799999999961,-0.17403317867291582,0.4640662287920492,-0.08076292091143293
517,0.00510279999999996,-0.1925630706479113,0.46242836995772585,-0.08904662687376803
518,0.00511279999999996,-0.21102454588081915,0.4606453916876667,-0.09720748459298194
519,0.0051227999999999595,-0.22941104509739557,0.4586795691411556,-0.10522615932149562
520,0.005132799999999959,-0.24771603566201492,0.45656995908981024,-0.11309970026809613
521,0.005142799999999959,-0.26593301389869267,0.45427895274407426,-0.12080777105397345
522,0.005152799999999958,-0.2840555074018037,0.45184572241147514,-0.1283492659469261
523,0.005162799999999958,-0.3020770773357004,0.4492327742833595,-0.13570292349892563
524,0.0051727999999999575,-0.31999132072239367,0.4464793950513055,-0.1428695312978026
525,0.005182799999999957,-0.33779187271651073,0.4435482046545438,-0.1498269786903045
526,0.005192799999999957,-0.3554724088666892,0.44047860285437324,-0.15657799001087777
527,0.005202799999999956,-0.3730266473626194,0.4372333219421378,-0.1630996801992965
528,0.005212799999999956,-0.39044835126695215,0.4338518732744916,-0.1693967486141039
529,0.005222799999999955,-0.4077313307312457,0.43029709994018717,-0.17544560916840832
530,0.005232799999999955,-0.4248694451951929,0.42660862325717375,-0.18125296907876046
531,0.005242799999999955,-0.4418566055683266,0.4227493953995136,-0.18679461285729143
532,0.005252799999999954,-0.45868677639345434,0.41875914585687113,-0.19207928269836458
533,0.005262799999999954,-0.4753539779910207,0.41460093402144693,-0.19708220326588752
534,0.005272799999999953,-0.4918522885836609,0.4103145956105614,-0.20181417289033396
535,0.005282799999999953,-0.5081758464001801,0.40586329521539355,-0.20624992356884878
536,0.005292799999999953,-0.5243188517582141,0.4012869726863073,-0.21040232474441448
537,0.005302799999999952,-0.540275569124823,0.39654889564413764,-0.2142456802799565
538,0.005312799999999952,-0.5560403291543078,0.3916891058301033,-0.21779493933192715
539,0.005322799999999951,-0.5716075307024957,0.38667097157928865,-0.2210240392587721
540,0.005332799999999951,-0.5869716428168033,0.38153463413608435,-0.2239500109903654
541,0.0053427999999999505,-0.6021272067013512,0.37624356009131077,-0.22654648387715293
542,0.00535279999999995,-0.617068837656458,0.3708379876640251,-0.22883256600669988
543,0.00536279999999995,-0.6317912269917917,0.36528147910266284,-0.23078163387964787
544,0.005372799999999949,-0.6462891439125249,0.35961436693399307,-0.23241486134441497
545,0.005382799999999949,-0.6605574373778068,0.3538003063301005,-0.23370542369289424
546,0.0053927999999999485,-0.6745910379309106,0.3478797213250857,-0.2346765422838055
547,0.005402799999999948,-0.6883849595003836,0.3418163571485593,-0.23530123917227963
548,0.005412799999999948,-0.7019343011715711,0.33565072641081883,-0.2356047580809083
549,0.005422799999999947,-0.7152342489278941,0.32934666140533864,-0.23556001200715684
550,0.005432799999999947,-0.7282800773612479,0.3229447602623523,-0.2351942349872756
551,0.0054427999999999465,-0.7410671513509056,0.3164089392205369,-0.23448027125012513
552,0.005452799999999946,-0.753590927710367,0.3097798787525221,-0.23344730621511814
553,0.005462799999999946,-0.765846956801525,0.30302157580537425,-0.2320681516757485
554,0.005472799999999945,-0.7778308841156034,0.2961747898985436,-0.23037389867953728
555,0.005482799999999945,-0.7895384518202879,0.2892035953356782,-0.2283373589221924
556,0.005492799999999944,-0.8009655002725212,0.28214882727598223,-0.2259914765904123
557,0.005502799999999944,-0.8121079694964005,0.27497463391798505,-0.22330909161415088
558,0.005512799999999944,-0.8229619006256647,0.26772192254522764,-0.22032494221697752
559,0.005522799999999943,-0.8335234373102668,0.26035491168487823,-0.21701192090819066
560,0.005532799999999943,-0.8437888270865128,0.25291457712741305,-0.21340649438742124
561,0.005542799999999942,-0.8537544227102961,0.24536520406175555,-0.2094816281469381
562,0.005552799999999942,-0.8634166834529419,0.23774783307053582,-0.20527544552788568
563,0.005562799999999942,-0.8727721763592173,0.2300268122432243,-0.20076100154249193
564,0.005572799999999941,-0.88181757746704,0.22224324314790778,-0.19597799828110637
565,0.005582799999999941,-0.8905496729884673,0.21436153292346916,-0.19089959304630202
566,0.00559279999999994,-0.8989653604515392,0.20642284023013246,-0.18556698297291152
567,0.00560279999999994,-0.907061649802573,0.19839162732156268,-0.17995343678531386
568,0.0056127999999999395,-0.9148356644685124,0.19030910597540895,-0.1741015574194218
569,0.005622799999999939,-0.9222846423789641,0.18213978954717902,-0.1679847306654998
570,0.005632799999999939,-0.9294059369475458,0.1739249388819104,-0.16164687078008658
571,0.005642799999999938,-0.9361970180122068,0.16562911435113392,-0.15506148295153438
572,0.005652799999999938,-0.9426554727341799,0.15729362174751316,-0.1482736933664733
573,0.0056627999999999375,-0.948779006455256,0.14888306430628262,-0.14125712583052882
574,0.005672799999999937,-0.9545654435130618,0.1404387885839924,-0.13405801451111582
575,0.005682799999999937,-0.9600127280140639,0.13192543646609778,-0.1266500981562646
576,0.005692799999999936,-0.965118924564016,0.12338439103149312,-0.11908061078030067
577,0.005702799999999936,-0.9698822189555983,0.114780328547603,-0.11132339974420181
578,0.0057127999999999355,-0.9743009188129947,0.10615466432221154,-0.10342658698541574
579,0.005722799999999935,-0.9783734541931854,0.09747210468731993,-0.09536411975041298
580,0.005732799999999935,-0.9820983781437419,0.0887740928404952,-0.08718489259983231
581,0.005742799999999934,-0.9854743672169213,0.08002536081847467,-0.07886294181389213
582,0.005752799999999934,-0.988500221939881,0.0712673753295121,-0.07044781633029551
583,0.005762799999999933,-0.991174867240846,0.06246488971873987,-0.061913628774186075
584,0.005772799999999933,-0.9934973528310765,0.053659389792784395,-0.05331046171366219
585,0.005782799999999933,-0.9954668535425013,0.044815645778456314,-0.04461248989255519
586,0.005792799999999932,-0.9970826696208951,0.035975158141219765,-0.03587020671948128
587,0.005802799999999932,-0.9983442269744995,0.027102709539008174,-0.02705783360363551
588,0.005812799999999931,-0.9992510773779938,0.018239810635705567,-0.018226150428899378
589,0.005822799999999931,-0.9998028986317476,0.009351252051978065,-0.009349408907403748
590,0.005832799999999931,-0.9999994946762971,0.00047855017547959733,-0.00047854993365685066
591,0.00584279999999993,-0.9998407956620038,-0.00841350089015691,0.008412161424317463
592,0.00585279999999993,-0.9993268579738716,-0.017283383516456752,0.017271749344658128
593,0.005862799999999929,-0.9984578642115142,-0.026166304601424883,0.026125952606646605
594,0.005872799999999929,-0.9972341231242774,-0.035020749760406034,0.03492388667847326
595,0.0058827999999999285,-0.9956560695015425,-0.04388193137632612,0.04369131131628928
596,0.005892799999999928,-0.9937242640182476,-0.052708342788406526,0.05237755914503078
597,0.005902799999999928,-0.9914393930356828,-0.06153520633983334,0.06100842762388987
598,0.005912799999999927,-0.9888022683576276,-0.07032102756291181,0.06953359156744646
599,0.005922799999999927,-0.985813826941924,-0.07910104322225209,0.07797890213402688
600,0.0059327999999999265,-0.9824751305675768,-0.08783377549511329,0.08629450004780466
601,0.005942799999999926,-0.9787873654575103,-0.09655448000822275,0.0945063051103682
602,0.005952799999999926,-0.974751841857108,-0.10522170001191,0.10256504588994535
603,0.005962799999999925,-0.9703699935686901,-0.113870714408975,0.11049672440869923
604,0.005972799999999925,-0.9656433774420885,-0.12246009192109852,0.1182527767645582
605,0.0059827999999999245,-0.9605736728215069,-0.13102513910799019,0.12585929910491098
606,0.005992799999999924,-0.955162680948856,-0.13952445452456175,0.13326855204160715
607,0.006002799999999924,-0.9494123243237844,-0.14799337672902624,0.14050673578483028
608,0.006012799999999923,-0.9433246460206195,-0.15639053842922124,0.14752704930471922
609,0.006022799999999923,-0.9369018089624744,-0.16475131447803193,0.1543558045634136
610,0.006032799999999922,-0.9301460951527742,-0.17303437600697436,0.16094724917008407
611,0.006042799999999922,-0.9230599048644668,-0.18127513840840237,0.16732781201355293
612,0.006052799999999922,-0.9156457557872195,-0.18943231545397055,0.17345289565437386
613,0.006062799999999921,-0.9079062821328966,-0.19754136726218263,0.17934904831845733
614,0.006072799999999921,-0.8998442336996347,-0.20556105440090988,0.18497292947587568
615,0.00608279999999992,-0.891462474894854,-0.21352688583813517,0.19035120610585493
616,0.00609279999999992,-0.8827639837175459,-0.2213976730272762,0.195441891827353
617,0.00610279999999992,-0.8737518507002089,-0.22920897783958338,0.20027176858443915
618,0.006112799999999919,-0.8644292778107907,-0.23691966663133712,0.20480029632530003
619,0.006122799999999919,-0.8547995773150474,-0.2445653581558389,0.20905436477751427
620,0.006132799999999918,-0.8448661705997141,-0.25210497761082706,0.21299496702318613
621,0.006142799999999918,-0.8346325869568968,-0.25957420453004687,0.21664908983419165
622,0.0061527999999999175,-0.8241024623301353,-0.2669320268080284,0.2199793405672699
623,0.006162799999999917,-0.8132795380225679,-0.2742141885703404,0.22301278859971976
624,0.006172799999999917,-0.8021676593676688,-0.28137974417461464,0.22571373077802406
625,0.006182799999999916,-0.7907707743630122,-0.2884645060582116,0.22810930083189584
626,0.006192799999999916,-0.7790929322675719,-0.29542759871381463,0.2301655541547134
627,0.0062027999999999155,-0.7671382821630409,-0.3023049065127381,0.2319096666716406
628,0.006212799999999915,-0.754911071479677,-0.3090556276554608,0.233309515020208
629,0.006222799999999915,-0.7424156444872144,-0.3157157219676634,0.23439229119936902
630,0.006232799999999914,-0.7296564407513653,-0.3222444648247915,0.2351277492558859
631,0.006242799999999914,-0.7166379935564625,-0.3286778949203395,0.23554306714207393
632,0.0062527999999999135,-0.7033649282948055,-0.3349753681625103,0.2356099258081501
633,0.006262799999999913,-0.6898419608232793,-0.34117300541378626,0.2353554550346176
634,0.006272799999999913,-0.6760738957878377,-0.34723024635829347,0.23475330539082212
635,0.006282799999999912,-0.6620656249164284,-0.3531832972121691,0.2338305203788194
636,0.006292799999999912,-0.6478221252809899,-0.35899168455974717,0.23256275604969814
637,0.006302799999999911,-0.6333484575291193,-0.3646917030337882,0.23097692759011737
638,0.006312799999999911,-0.6186497640860533,-0.3702429691195057,0.22905072550030214
639,0.006322799999999911,-0.6037312673275815,-0.3756818688040795,0.22681089076508112
640,0.00633279999999991,-0.5885982677245645,-0.38096811134677466,0.22423717039701055
641,0.00634279999999991,-0.5732561419597064,-0.3861381768961287,0.2213560815508294
642,0.006352799999999909,-0.5577103410172369,-0.3911518702273469,0.21814944293402364
643,0.006362799999999909,-0.5419663882462077,-0.39604576832411453,0.21464349463881469
644,0.006372799999999909,-0.52602987739807,-0.40077977408277476,0.21082213542438819
645,0.006382799999999908,-0.5099064706392491,-0.405390563858262,0.2067112716474215
646,0.006392799999999908,-0.4936018965393884,-0.4098381411347738,0.20229688373830187
647,0.006402799999999907,-0.4771219480360294,-0.41415928403317537,0.19760448439511585
648,0.006412799999999907,-0.4604724803764073,-0.4183140989479348,0.1926221307189774
649,0.0064227999999999065,-0.44365940903710155,-0.4223394680173591,0.18737487879362538
650,0.006432799999999906,-0.42668870762229993,-0.4261956027227214,0.18185285092006517
651,0.006442799999999906,-0.40956640574141034,-0.42991949132175833,0.17608058081882802
652,0.006452799999999905,-0.39229858686675967,-0.43347145241077456,0.17005023822782872
653,0.006462799999999905,-0.37489138617217127,-0.4368885823186446,0.16378576622823143
654,0.0064727999999999045,-0.3573509883531638,-0.44013130863172734,0.15728135814471914
655,0.006482799999999904,-0.33968362542956504,-0.4432368375482163,0.15056029590231326
656,0.006492799999999904,-0.32189557453129486,-0.44616570736529226,0.14361876670851234
657,0.006502799999999903,-0.3039931556681358,-0.4489552357926616,0.1364793188823432
658,0.006512799999999903,-0.2859827294842688,-0.45156607340069144,0.1291400982136234
659,0.0065227999999999025,-0.2678706949983566,-0.4540356508949195,0.12162284535925329
660,0.006532799999999902,-0.24966348733000937,-0.45632473252243777,0.11392762407648556
661,0.006542799999999902,-0.231367575413416,-0.4584708633072303,0.10607529204108954
662,0.006552799999999901,-0.21298945969896227,-0.46043492241545536,0.09806778535180145
663,0.006562799999999901,-0.19453566984365195,-0.46225457035006023,0.0899250024813385
664,0.0065727999999999,-0.176012762391149,-0.4638908022750865,0.08165070155628427
665,0.0065827999999999,-0.15742731844227575,-0.46538139516857413,0.07326374509431369
666,0.0065927999999999,-0.13878594131676875,-0.46668746110677706,0.06476965859043696
667,0.006602799999999899,-0.12009525420715753,-0.46784689437378546,0.05618619170984894
668,0.006612799999999899,-0.10136189782557248,-0.46882092470546777,0.04752057866848603
669,0.006622799999999898,-0.0825925280443384,-0.46964756435623567,0.038789379630047624
670,0.006632799999999898,-0.06379381353116424,-0.47028816130247275,0.030001475268044038
671,0.006642799999999898,-0.044972433379802466,-0.4707808462656162,0.02117216024516745
672,0.006652799999999897,-0.026135074737004174,-0.4710870858742984,0.012311896196962291
673,0.006662799999999897,-0.007288430426597063,-0.4712451296460576,0.0034346373412980037
674,0.006672799999999896,0.011560803428435896,-0.4712165631055905,-0.005447642058286891
675,0.006682799999999896,0.03040592978505886,-0.4710397547255578,-0.014322401708156659
676,0.0066927999999998955,0.049240253059612396,-0.4706764090021194,-0.023176225488453984
677,0.006702799999999895,0.06805708150671358,-0.4701650133529398,-0.0319980586353661
678,0.006712799999999895,0.08684972959682256,-0.46946739115250846,-0.04077311597612109
679,0.006722799999999894,0.10561152039154574,-0.46862214858365014,-0.04949189760107214
680,0.006732799999999894,0.12433578791595905,-0.46759122763701466,-0.05813832371083878
681,0.0067427999999998935,0.14301587952696357,-0.46641335291320996,-0.06670451589000277
682,0.006752799999999893,0.16164515827696094,-0.4650505845866588,-0.07517317535230368
683,0.006762799999999893,0.18021700527191148,-0.4635417651608691,-0.0835381087357475
684,0.006772799999999892,0.19872482202301697,-0.461849072394406,-0.0917808747130738
685,0.006782799999999892,0.21716203279110763,-0.4600114660101262,-0.09989702506597652
686,0.0067927999999998915,0.23552208692298854,-0.4579912405839206,-0.1078670527747735
687,0.006802799999999891,0.2537984611788554,-0.4558274722094229,-0.11568831100979901
688,0.006812799999999891,0.271984662049955,-0.45348257134555503,-0.12334030391296538
689,0.00682279999999989,0.29007422806571703,-0.45099572944254795,-0.13082223807898208
690,0.00683279999999989,0.3080607320894666,-0.4483294717449269,-0.138112705283026
691,0.006842799999999889,0.32593778360197573,-0.44552310388052874,-0.14521281302229233
692,0.006852799999999889,0.3436990309719606,-0.4425392646187163,-0.15210031641649682
693,0.006862799999999889,0.3613381637128063,-0.43941737242356993,-0.1587782664550391
694,0.006872799999999888,0.3788489147246359,-0.4361201781679078,-0.16522365618842672
695,0.006882799999999888,0.3962250625210009,-0.4326872116503466,-0.17144151748819617
696,0.006892799999999887,0.413460433439323,-0.42908133426574935,-0.17740815444623975
697,0.006902799999999887,0.4305489038343864,-0.4253421854874162,-0.1831306117161293
698,0.006912799999999887,0.4474844022540252,-0.4214327354945233,-0.18858457573304546
699,0.006922799999999886,0.46426091159629457,-0.41739273161894275,-0.19377913007507788
700,0.006932799999999886,0.48087247124730376,-0.4131852509315159,-0.19868941269837537
701,0.006942799999999885,0.4973131791990114,-0.40885014665386166,-0.203326566248414
702,0.006952799999999885,0.5135771941461666,-0.40435060070389994,-0.20766524696082592
703,0.0069627999999998845,0.529658737561697,-0.399726570072616,-0.21171867047452902
704,0.006972799999999884,0.5455520957498075,-0.3949413393328989,-0.21546107537129885
705,0.006982799999999884,0.5612516218760072,-0.3900349669770904,-0.2189077578042469
706,0.006992799999999883,0.5767517379734216,-0.3849708378936292,-0.22203259982423498
707,0.007002799999999883,0.5920469369246028,-0.37978910966542045,-0.22485297905473423
708,0.0070127999999998825,0.6071317844181988,-0.3744532650143846,-0.22734247896940402
709,0.007022799999999882,0.6220009208797193,-0.3690035580616353,-0.22952055292223011
710,0.007032799999999882,0.6366490633757834,-0.3634035667415638,-0.2313605403934356
711,0.007042799999999881,0.651071007491107,-0.3576936390246175,-0.23288395793291805
712,0.007052799999999881,0.6652616291776232,-0.351837445301193,-0.23406395206676453
713,0.0070627999999998805,0.6792158865750131,-0.34587542456829823,-0.23492408314266575
714,0.00707279999999988,0.6929288218020708,-0.3397713367845796,-0.23543735208025335
715,0.00708279999999988,0.706395562718202,-0.33356570902198257,-0.23562933672807942
716,0.007092799999999879,0.7196113246544878,-0.32722238779231105,-0.23547293593582946
717,0.007102799999999879,0.732571412113637,-0.3207819851651408,-0.23499571185304294
718,0.007112799999999878,0.7452712204382862,-0.3142084310673141,-0.2341705008935363
719,0.007122799999999878,0.7577062374470142,-0.3075424193690708,-0.23302680943549034
720,0.007132799999999878,0.7698720450374814,-0.30074796015428973,-0.231537447124834
721,0.007142799999999877,0.7817643207561857,-0.29386582578091236,-0.22973381768507056
722,0.007152799999999877,0.7933788393341873,-0.2868601031191602,-0.22758873566396462
723,0.007162799999999876,0.8047114741883415,-0.279771639588553,-0.22513544852939385
724,0.007172799999999876,0.8157581988874433,-0.2725645953665321,-0.222346803396687
725,0.007182799999999876,0.8265150885828113,-0.2652798894018744,-0.21925783128822862
726,0.007192799999999875,0.836978321402754,-0.2578817515952636,-0.2158414355706057
727,0.007202799999999875,0.8471441798104743,-0.2504111687907553,-0.21213436420062665
728,0.007212799999999874,0.8570090519248832,-0.2428324369296888,-0.2081095965497216
729,0.007222799999999874,0.8665694328038946,-0.23518660702087857,-0.20380552464915522
730,0.0072327999999998735,0.8758219256897027,-0.22743803726951484,-0.19919521977647286
731,0.007242799999999873,0.8847632432156436,-0.21962783902753102,-0.19431863915844166
732,0.007252799999999873,0.8933902085741728,-0.2117204288989356,-0.1891489581334334
733,0.007262799999999872,0.9016997566455796,-0.20375697467139275,-0.18372761447603436
734,0.007272799999999872,0.9096889350870007,-0.1957019473996624,-0.1780278961244511
735,0.0072827999999998715,0.9173549053813751,-0.18759656731906915,-0.17209263126285546
736,0.007292799999999871,0.9246949438459627,-0.17940535591031193,-0.16589522550915084
737,0.007302799999999871,0.9317064426000452,-0.17116958179380504,-0.15947980213444354
738,0.00731279999999987,0.9383869104915028,-0.16285381277907618,-0.15281988623551893
739,0.00732279999999987,0.9447339739819016,-0.15449936174086076,-0.14596079599511075
740,0.0073327999999998695,0.9507453779898087,-0.1460708386544951,-0.1388761747098563
741,0.007342799999999869,0.9564189866920008,-0.13760959645510695,-0.13161243080068852
742,0.007352799999999869,0.961752784282324,-0.12908028306105734,-0.1241433216299224
743,0.007362799999999868,0.9667448756878907,-0.12052428721727892,-0.11651623706323995
744,0.007372799999999868,0.9713934872423957,-0.1119062905079673,-0.10870504178089496
745,0.007382799999999867,0.9756969673162875,-0.10326771318662509,-0.10075799457787829
746,0.007392799999999867,0.979653786903589,-0.0945732661784433,-0.0926490583515531
747,0.007402799999999867,0.9832625401651403,-0.08586439689911884,-0.08442724500477539
748,0.007412799999999866,0.9865219449280919,-0.07710584124846775,-0.0760666044737551
749,0.007422799999999866,0.9894308431414506,-0.06833906941946566,-0.06761678307520402
750,0.007432799999999865,0.9919882012875333,-0.05952883788465613,-0.0590519048179372
751,0.007442799999999865,0.9941931107491677,-0.05071663519705538,-0.050422129313291215
752,0.007452799999999865,0.9960447881325204,-0.04186723397059211,-0.04170164018993308
753,0.007462799999999864,0.9975425755454347,-0.03302213667512177,-0.032940987268914326
754,0.007472799999999864,0.9986859408311743,-0.024146127611835766,-0.0241143981714558
755,0.007482799999999863,0.9994744777574978,-0.01528071870433223,-0.015272688346771684
756,0.007492799999999863,0.9999079061609896,-0.006390701470252225,-0.00639011292601986
757,0.0075027999999998625,0.999986072046602,0.0024824071896318856,0.0024823726147802333
758,0.007512799999999862,0.999708947642368,0.011373813022082402,0.011370502646987059
759,0.007522799999999862,0.9990766314092686,0.020241998632897662,0.020223307807146415
760,0.007532799999999861,0.998089348006251,0.02912217151798302,0.029066529182909886
761,0.007542799999999861,0.996747448210407,0.037972818274234044,0.03784930971620029
762,0.0075527999999998605,0.9950514087923447,0.04682915262889509,0.04659741429593379
763,0.00756279999999986,0.9930018323467927,0.055649669648708766,0.0552602239306615
764,0.00757279999999986,0.9905994470785038,0.06446959376573602,0.06386354393771386
765,0.007582799999999859,0.9878451065435243,0.07324743298323,0.07235711823935849
766,0.007592799999999859,0.9847397893459304,0.0820184268964681,0.08076680842451259
767,0.0076027999999998585,0.981284598790137,0.09074110089321152,0.0890428447837704
768,0.007612799999999858,0.9774807624888955,0.0994507141688743,0.09721115991585645
769,0.007622799999999858,0.9733296319271325,0.10810581391928054,0.1052225920712364
770,0.007632799999999857,0.968832681981769,0.11674168334889856,0.11310315817797982
771,0.007642799999999857,0.9639915103977089,0.12531689585410533,0.12080442371275138
772,0.007652799999999856,0.9588078372201635,0.13386676302316403,0.12835250152990405
773,0.007662799999999856,0.9532835041835314,0.14234988880843957,0.13569980082344532
774,0.007672799999999856,0.9474204740570338,0.15080161751643573,0.14287253995598903
775,0.007682799999999855,0.9412208299473587,0.15918058796732026,0.1498240851181097
776,0.007692799999999855,0.9346867745585368,0.16752218147377107,0.15658076746872895
777,0.007702799999999854,0.927820629409337,0.1757850759862194,0.1630970198423022
778,0.007712799999999854,0.9206248340084334,0.18400469405896303,0.1693992909248054
779,0.007722799999999854,0.9131019449876725,0.19213975697908836,0.1754431858070643
780,0.007732799999999853,0.9052546351936988,0.20022573271960908,0.18125527262948074
781,0.007742799999999853,0.8970856927383183,0.20822139004940965,0.18679242993541023
782,0.007752799999999852,0.8885980200078881,0.21616224647210203,0.19208134421556697
783,0.007762799999999852,0.879794632632112,0.2240071223167135,0.19708026388560954
784,0.0077727999999998515,0.8706786584126084,0.23179158865846716,0.20181598944448137
785,0.007782799999999851,0.8612533362116092,0.23947452139150016,0.20624823048610788
786,0.007792799999999851,0.8515220148012151,0.24709154912819997,0.2104038937539983
787,0.00780279999999985,0.841488151673583,0.25460160725339165,0.21424423590078004
788,0.00781279999999985,0.8311553118125065,0.2620403858004323,0.21779625856742782
789,0.00782279999999985,0.820527166426788,0.269366883485489,0.22102284563556304
790,0.00783279999999985,0.809607491645874,0.27661685556021354,0.2239510785770735
791,0.00784279999999985,0.798400167178222,0.2837493678223879,0.22654554270610933
792,0.00785279999999985,0.7869091749328461,0.29080024444642305,0.2288333804276047
793,0.007862799999999849,0.7751385976045786,0.2977286219669608,0.23078094649821373
794,0.007872799999999848,0.7630926172234949,0.30457039708723244,0.2324154214420953
795,0.007882799999999848,0.7507755136690696,0.31128478063403264,0.2337049910778795
796,0.007892799999999848,0.7381916631495417,0.3179077453423673,0.2346768472624031
797,0.007902799999999847,0.7253455366470846,0.32439857978049247,0.2353010619384334
798,0.007912799999999847,0.7122416983292739,0.3307933361100339,0.23560480750701687
799,0.007922799999999846,0.698884803927471,0.3370513839801106,0.2355600904064223
800,0.007932799999999846,0.6852795990826565,0.343208858260617,0.23519402879045187
801,0.007942799999999845,0.671430917659325,0.34922521290594943,0.2344806051712148
802,0.007952799999999845,0.6573436800280481,0.3551366686578987,0.23344684468848473
803,0.007962799999999845,0.6430228913172754,0.3609027668807343,0.2320687406440544
804,0.007972799999999844,0.6284736396350499,0.36655981723054154,0.23037318247883712
805,0.007982799999999844,0.6137010942612106,0.3720674514614224,0.22833820210085476
806,0.007992799999999843,0.5987105038107919,0.3774620710595116,0.22599050673350513
807,0.008002799999999843,0.5835071943691986,0.38270340102015865,0.2233101878048231
808,0.008012799999999843,0.5680965675998871,0.3878279374454152,0.22032372008208412
809,0.008022799999999842,0.5524840988251635,0.39279550129077023,0.21701326855320952
810,0.008032799999999842,0.5366753350808469,0.39764268592506014,0.2134050217112796
811,0.008042799999999841,0.5206758931454175,0.4023294108464093,0.2094832253311238
812,0.008052799999999841,0.5044914575444164,0.40689236920364635,0.20527372440324834
813,0.00806279999999984,0.4881277785307423,0.4112915814800573,0.20076284599625616
814,0.00807279999999984,0.4715906700416358,0.4155638429752706,0.19597603115378498
815,0.00808279999999984,0.4548860076329966,0.41966927745669125,0.19090168214849862
816,0.00809279999999984,0.43801972639184195,0.4236447846010414,0.18556477263827897
817,0.008102799999999839,0.42099781882758136,0.42745059361198656,0.17995576756720122
818,0.008112799999999839,0.40382633274292057,0.4311237106210548,0.1740991070186207
819,0.008122799999999838,0.3865113690851062,0.4346244722696717,0.1679872998148426
820,0.008132799999999838,0.36905907977827046,0.4379899930721187,0.1616441837952872
821,0.008142799999999837,0.3514756655377128,0.4411807189557635,0.1550642868173836
822,0.008152799999999837,0.3337673736667792,0.444233874590914,0.14827077361602672
823,0.008162799999999837,0.3159404958372562,0.44711001688523844,0.1412601604285262
824,0.008172799999999836,0.2980013658539485,0.4498464822801491,0.13405486614407847
825,0.008182799999999836,0.27995635740432495,0.4524039402010285,0.126653359174044
826,0.008192799999999835,0.2618118817939575,0.45481984031735045,0.11907723827071277
827,0.008202799999999835,0.2435743856686385,0.4570549659486005,0.11132688254773086
828,0.008212799999999834,0.22525034872389796,0.4591468812884294,0.1034229951257089
829,0.008222799999999834,0.20684628140281539,0.4610564847656988,0.0953678193904386
830,0.008232799999999834,0.1883687225828699,0.4628214562315751,0.08718108649428544
831,0.008242799999999833,0.16982423725273238,0.4644028102753026,0.07886685303302865
832,0.008252799999999833,0.15121941417973886,0.4658383433743749,0.070443801387533
833,0.008262799999999832,0.13256086356893287,0.4670891871659242,0.061917746014425824
834,0.008272799999999832,0.1138552147145068,0.46819325555537983,0.05330624363914172
835,0.008282799999999832,0.09510911364442595,0.46911179794866253,0.04461680730304033
836,0.008292799999999831,0.07632922075914403,0.46988284631543475,0.035865791507345764
837,0.00830279999999983,0.057522208465173454,0.4704677683830947,0.027062345049077313
838,0.00831279999999983,0.03869475880443576,0.4709047146537908,0.01822154435340008
839,0.00832279999999983,0.019853561080142728,0.4711551715608606,0.009354107976808673
840,0.00833279999999983,0.001005309480134774,0.4712574084395374,0.00047375954028801217
841,0.00834279999999983,-0.017843299301546347,0.4711730306445189,-0.00840728140860682
842,0.008352799999999829,-0.036685568443945056,0.47094042647541645,-0.017276717248484563
843,0.008362799999999828,-0.05551480337856184,0.4705213202554228,-0.026120898579401124
844,0.008372799999999828,-0.07432431416787674,0.4699542192103223,-0.034929025033107214
845,0.008382799999999828,-0.09310741788227356,0.4692009665095185,-0.04368609045956838
846,0.008392799999999827,-0.11185744097443523,0.46830018809856533,-0.05238286064855219
847,0.008402799999999827,-0.13056772165044464,0.46721384570190505,-0.06100304735684013
848,0.008412799999999826,-0.14923161223666348,0.4659806836090361,-0.06953904868611904
849,0.008422799999999826,-0.16784248154163683,0.4645627816396294,-0.07797337010228096
850,0.008432799999999826,-0.18639371721212375,0.4629990018847163,-0.08630010502679536
851,0.008442799999999825,-0.2048787280824191,0.4612515416300518,-0.09450062917522
852,0.008452799999999825,-0.2232909465161828,0.4593593800581335,-0.10257079076426757
853,0.008462799999999824,-0.241623830739872,0.45728483112632645,-0.11049091263597846
854,0.008472799999999824,-0.2598708671670232,0.45506699023123254,-0.11825865337047767
855,0.008482799999999823,-0.278025572712474,0.452668287041309,-0.12585335975343453
856,0.008492799999999823,-0.29608149709579173,0.4501279321245768,-0.13327455202807761
857,0.008502799999999823,-0.31403222513301826,0.4474084697367502,-0.14050067729479032
858,0.008512799999999822,-0.3318713790159599,0.4445492244103342,-0.14753316414553302
859,0.008522799999999822,-0.34959262057817525,0.44151285370043425,-0.15434963554408332
860,0.008532799999999821,-0.3671896535469324,0.438338794737426,-0.16095347017581535
861,0.008542799999999821,-0.3846562257801978,0.43498981692584593,-0.1673215412315151
862,0.00855279999999982,-0.4019861314880296,0.43150546846574755,-0.1734592139844758
863,0.00856279999999982,-0.41917321343744807,0.42784862900517595,-0.17934268468490616
864,0.00857279999999982,-0.436211365140075,0.4240589561261707,-0.1849793361516721
865,0.00858279999999982,-0.4530945330217396,0.42009943795705595,-0.19034475866384754
866,0.008592799999999819,-0.4698167185732846,0.416009839620191,-0.19544837774455653
867,0.008602799999999819,-0.48637198048181146,0.4117532558061505,-0.20026524649627137
868,0.008612799999999818,-0.5027544367415845,0.407369557182502,-0.2048068522669575
869,0.008622799999999818,-0.518958266743914,0.40282194293396856,-0.20904777731142815
870,0.008632799999999817,-0.5349777133451474,0.39815038712770345,-0.21300158367306402
871,0.008642799999999817,-0.5508070849121889,0.3933181912243633,-0.21664244635122643
872,0.008652799999999817,-0.5664407573446939,0.388365430400885,-0.2199860085227753
873,0.008662799999999816,-0.5818731760732889,0.38325550602886693,-0.22300609854059233
874,0.008672799999999816,-0.5970988580330829,0.3780285919608275,-0.2257204405636644
875,0.008682799999999815,-0.6121123936117774,0.372648186973894,-0.22810257370367942
876,0.008692799999999815,-0.6269084485716613,0.36715456102029265,-0.23017229623524102
877,0.008702799999999815,-0.6414817659448718,0.36151130764023165,-0.23190291203409563
878,0.008712799999999814,-0.6558271679011306,0.3557587901727075,-0.23331627981489933
879,0.008722799999999814,-0.6699395575874325,0.34986069414238585,-0.234385518650982
880,0.008732799999999813,-0.68381392093892,0.3438574734319815,-0.23513452715167377
881,0.008742799999999813,-0.6974453284603586,0.33771290263995013,-0.23553628630702111
882,0.008752799999999812,-0.7108289369775634,0.33146752322029016,-0.2356167071732647
883,0.008762799999999812,-0.7239599913581561,0.32508519580933637,-0.23534867554879166
884,0.008772799999999812,-0.7368338262010425,0.3186065463349834,-0.2347600805887056
885,0.008782799999999811,-0.7494458674939962,0.311995518312699,-0.2338237518760997
886,0.00879279999999981,-0.761791634238809,0.30529281892793847,-0.23256951545248705
887,0.00880279999999981,-0.7738667400433352,0.29846247129837167,-0.2309701796889484
888,0.00881279999999981,-0.7856668946799819,0.29154526053396523,-0.22905745950238673
889,0.00882279999999981,-0.7971879056099943,0.28450528596665237,-0.2268041730547281
890,0.00883279999999981,-0.8084256794730479,0.27738340718602217,-0.2242438694289091
891,0.008842799999999809,-0.819376223541599,0.27014379624153406,-0.22134940357757937
892,0.008852799999999808,-0.8300356471394844,0.26282738365273417,-0.21815609747617476
893,0.008862799999999808,-0.84040016302425,0.25539841058554913,-0.21463686589222983
894,0.008872799999999808,-0.8504660887327614,0.2478978748400209,-0.2108287360203562
895,0.008882799999999807,-0.8602298478895389,0.240290082998861,-0.2067047015474749
896,0.008892799999999807,-0.8696879714774455,0.23261609639646252,-0.2023034210080414
897,0.008902799999999806,-0.8788370990702116,0.22484028324183214,-0.19759798227837647
898,0.008912799999999806,-0.8876739800263629,0.21700376456572457,-0.19262859537276053
899,0.008922799999999806,-0.8961954746441753,0.20907096632489441,-0.18736845389985513
900,0.008932799999999805,-0.904398555277187,0.2010830653256903,-0.18185923377126254
901,0.008942799999999805,-0.912280307409911,0.1930045413105006,-0.17607424227825236
902,0.008952799999999804,-0.9198379306933395,0.18487662286091222,-0.17005653020595443
903,0.008962799999999804,-0.9270687399399125,0.17666383946772868,-0.1637795230482942
904,0.008972799999999804,-0.9339701660775306,0.16840746741316792,-0.15728755030857278
905,0.008982799999999803,-0.9405397570623506,0.16007208182782762,-0.1505541569548097
906,0.008992799999999803,-0.9467751787499774,0.15169900255351365,-0.14362485025879618
907,0.009002799999999802,-0.9526742157247762,0.14325284618642087,-0.1364732928909905
908,0.009012799999999802,-0.9582347720869987,0.13477497192470622,-0.12914606450530253
909,0.009022799999999801,-0.9634548721974476,0.12623003359774998,-0.12161694088739973
910,0.009032799999999801,-0.9683326613794071,0.11765942550023567,-0.11393346463101528
911,0.0090427999999998,-0.9728664065776105,0.10902783440993602,-0.1060695174793332
912,0.0090527999999998,-0.9770544969739742,0.10037668540824285,-0.09807349186946557
913,0.0090627999999998,-0.9808954445599227,0.09167069388918492,-0.08991936603554863
914,0.0090727999999998,-0.9843878846650699,0.0829513113681628,-0.08165626592789935
915,0.009082799999999799,-0.9875305764420741,0.07418327748204234,-0.07325825477420361
916,0.009092799999999799,-0.9903224033075119,0.06540806578983904,-0.06477507290868925
917,0.009102799999999798,-0.9927623733385914,0.05659043576414291,-0.05618085531747562
918,0.009112799999999798,-0.9948496196255792,0.04777187858523746,-0.047525835239322835
919,0.009122799999999797,-0.9965834005798078,0.038917169126179374,-0.03878420474870735
920,0.009132799999999797,-0.9979631001971602,0.03006781174144635,-0.03000656662163837
921,0.009142799999999797,-0.9989882282769312,0.021188592247114002,-0.02116715422862674
922,0.009152799999999796,-0.999658420595996,0.012321023706114431,-0.012316815098180178
923,0.009162799999999796,-0.9999734390382146,0.0034298984048035663,-0.0034298073034031086
924,0.009172799999999795,-0.9999331716790345,-0.005443266363812427,0.005442902599460765
925,0.009182799999999795,-0.9995376328252567,-0.014333676325072986,0.014327048903646876
926,0.009192799999999795,-0.9987869630099523,-0.023199814440140187,0.023171672207062056
927,0.009202799999999794,-0.997681428942533,-0.03207688893083116,0.03200251638454255
928,0.009212799999999794,-0.996221423413988,-0.040923387496420105,0.040768755342605836
929,0.009222799999999793,-0.9944074651573296,-0.049774525336502506,0.04949615956928073
930,0.009232799999999793,-0.9922401986632902,-0.05858879936548078,0.0581341619218483
931,0.009242799999999793,-0.9897203939513336,-0.06740143623234474,0.06670857602076193
932,0.009252799999999792,-0.986848946296077,-0.07617094653048895,0.07516921832198784
933,0.009262799999999792,-0.9836268759091993,-0.0849325728134005,0.08354196125937573
934,0.009272799999999791,-0.9800553275769665,-0.09364484379824489,0.09177712806458276
935,0.009282799999999791,-0.9761355702534947,-0.10234302237534365,0.09990066450782224
936,0.00929279999999979,-0.9718689966098967,-0.11098565980456243,0.10786352183234743
937,0.00930279999999979,-0.9672571225394712,-0.11960804371671685,0.11569173219800681
938,0.00931279999999979,-0.9623015866191182,-0.12816875230093672,0.12333699369418416
939,0.00932279999999979,-0.9570041495271502,-0.13670310229746718,0.13082543615191058
940,0.009332799999999789,-0.9513666934177444,-0.14516970317282585,0.13810962049196676
941,0.009342799999999788,-0.945391221252212,-0.15360390510379318,0.1452157834351839
942,0.009352799999999788,-0.9390798560873607,-0.161964353138778,0.1520974614368461
943,0.009362799999999788,-0.9324348403211798,-0.17028643517026154,0.15878100498684578
944,0.009372799999999787,-0.925458534896134,-0.17852883608201608,0.16522103507717467
945,0.009382799999999787,-0.9181534184603184,-0.18672698570876634,0.17144402024729483
946,0.009392799999999786,-0.9105220864868183,-0.1948396129662413,0.17740577092830617
947,0.009402799999999786,-0.9025672503515508,-0.20290219379713648,0.18313287514577897
948,0.009412799999999786,-0.8942917363699108,-0.2108735052848587,0.18858243319560586
949,0.009422799999999785,-0.8856984847926158,-0.21878907357988453,0.19378115095888387
950,0.009432799999999785,-0.8767905487610319,-0.2266077279993155,0.1986875141860105
951,0.009442799999999784,-0.8675710932224149,-0.23436504893153653,0.2033283417146579
952,0.009452799999999784,-0.8580433938054182,-0.2420199219182848,0.2076635951712874
953,0.009462799999999784,-0.8482108356562773,-0.24960798553874497,0.21172019800029884
954,0.009472799999999783,-0.8380769122360818,-0.2570881854710336,0.21545967265194096
955,0.009482799999999783,-0.827645224079575,-0.26449622235431036,0.21890903521863428
956,0.009492799999999782,-0.8169194775158791,-0.2717911058304878,0.22203144816850512
957,0.009502799999999782,-0.8059034833516824,-0.2790086023793563,0.22485400454260776
958,0.009512799999999782,-0.7946011555172553,-0.28610778934201164,0.2273415800136499
959,0.009522799999999781,-0.7830165096758602,-0.2931245027277569,0.22952132502636038
960,0.00953279999999978,-0.7711536617970028,-0.3000178912151128,0.2313598954151491
961,0.00954279999999978,-0.7590168266940482,-0.30682386393261396,0.2328844755561391
962,0.00955279999999978,-0.7466103165267175,-0.31350164443392003,0.23406356198245548
963,0.00956279999999978,-0.7339385392689954,-0.3200872184521799,0.23492434554946875
964,0.009572799999999779,-0.7210059971430111,-0.3265398878470407,0.23543721744412258
965,0.009582799999999779,-0.707817285019392,-0.33289571833392273,0.23562934354569742
966,0.009592799999999778,-0.6943770887847636,-0.3391140933974981,0.23547305693923914
967,0.009602799999999778,-0.6806901836768484,-0.34523116199825665,0.23499546307156513
968,0.009612799999999777,-0.6667614325878595,-0.35120639245118923,0.23417087736476894
969,0.009622799999999777,-0.6525957843367355,-0.35707602010501205,0.23302630540827027
970,0.009632799999999777,-0.6381982719108484,-0.3627996011893373,0.23153807852898006
971,0.009642799999999776,-0.623574010677805,-0.368413460462822,0.22973305912849085
972,0.009652799999999776,-0.6087281965679948,-0.3738772450276926,0.22758962110351763
973,0.009662799999999775,-0.5936661042284694,-0.37922737194857703,0.22513443652151247
974,0.009672799999999775,-0.5783930851489257,-0.38442358202861016,0.22234794161352894
975,0.009682799999999775,-0.5629145657603156,-0.3895023874018939,0.21925656726694334
976,0.009692799999999774,-0.547236045506875,-0.39442362527013586,0.2158428249473147
977,0.009702799999999774,-0.5313630948921948,-0.39922390546387376,0.21213284996223297
978,0.009712799999999773,-0.5153013535000476,-0.40386316414348755,0.208111235111951
979,0.009722799999999773,-0.4990565279906699,-0.4083781113253977,0.20380376234544026
980,0.009732799999999773,-0.48263439007321385,-0.4127287845474079,0.1991971051956971
981,0.009742799999999772,-0.46604077445508535,-0.4169519963590176,0.19431663129375049
982,0.009752799999999772,-0.44928157676889796,-0.4210078879503527,0.18915108773047798
983,0.009762799999999771,-0.432362751477795,-0.4249333766047947,0.18372536390359911
984,0.009772799999999771,-0.4152903097598383,-0.4286887092930378,0.17803026687285095
985,0.00978279999999977,-0.39807031737227777,-0.43231091008499334,0.17209014118103153
986,0.00979279999999977,-0.38070889249641365,-0.4357603337082132,0.16589783403992148
987,0.00980279999999977,-0.3632122035638359,-0.4390741129206752,0.15947707608175496
988,0.00981279999999977,-0.3455864670648064,-0.44221271203079837,0.1528227288418702
989,0.009822799999999769,-0.32783794533958616,-0.4452133742302138,0.14595783784533756
990,0.009832799999999768,-0.30997294435341916,-0.4480366750781357,0.1388792473522859
991,0.009842799999999768,-0.29199781145609954,-0.4507199697878477,0.13160924475761082
992,0.009852799999999768,-0.273918933126755,-0.45322394667937793,0.1241466199419125
993,0.009862799999999767,-0.25574273270476106,-0.45558607442032084,0.11651282765448749
994,0.009872799999999767,-0.23747566810758972,-0.45776715543824764,0.10870856107540873
995,0.009882799999999766,-0.21912422953630822,-0.45980477312582657,0.10075436664831375
996,0.009892799999999766,-0.20069493716965833,-0.46165984520666825,0.09265279362750647
997,0.009902799999999766,-0.18219433884746472,-0.4633700709030091,0.0844234037098766
998,0.009912799999999765,-0.16362900774421846,-0.4648964842593042,0.07607055042312562
999,0.009922799999999765,-0.14500554003365598,-0.4662769012688184,0.0676127338737047
1000,0.009932799999999764,-0.12633055254518757,-0.4674724731546016,0.059056055833286186
1001,0.009942799999999764,-0.10761068041293068,-0.4685211334582444,0.050417877959279184
1002,0.009952799999999764,-0.08885257471832754,-0.4693841512719139,0.041705990372486484
1003,0.009962799999999763,-0.07006290012700901,-0.4700995782940134,0.032936539803762516
1004,0.009972799999999763,-0.05124833252088812,-0.47062880201203106,0.024118941339419785
1005,0.009982799999999762,-0.03241555662624399,-0.47100999272017496,0.015268051090547602
1006,0.009992799999999762,-0.013571263638688161,-0.47120465665761657,0.006394842623278051
1007,0.01,-7.347880794884119e-16,-0.4712442071089335,3.462646259116127e-16
