,0,1,2,3,4,5,6,7,8,9,10,11,12,13,14,15,16,17,18,19,20,21,22,23,24,25,26,27,28,29,30,31,32,33,34,35,36,37,38,39,40,41,42,43,44,45,46,47,48,49,50,51,52,53,54,55,56,57,58,59,60
0,-0.00020072612607171546,-0.00019358115793720042,-0.00018638174683145332,-0.0001791841873281529,-0.00017198397581112896,-0.00016479225537840856,-0.00015762048539406343,-0.00015048040160786966,-0.0001433839718217989,-0.0001363433472874545,-0.00012937081010135757,-0.0001224787169508108,-0.0001156794396503098,-0.00010898530299549604,-0.00010240852054689931,-9.596112903782768e-05,-8.965492217863552e-05,-8.350138470265574e-05,-7.751162756720919e-05,-7.169632528681543e-05,-6.606565643601374e-05,-6.062924841715055e-05,-5.539612764462065e-05,-5.037467634969895e-05,-4.5572597252819626e-05,-4.099688736685622e-05,-3.665382215187524e-05,-3.254895107406895e-05,-2.8687105211298554e-05,-2.5072416689830132e-05,-2.170834808797107e-05,-1.8597726950551267e-05,-1.5742775385364354e-05,-1.3145116197018821e-05,-1.0805723818887754e-05,-8.724769610348814e-06,-6.9012885469513875e-06,-5.332576375559623e-06,-4.013235280675058e-06,-2.933864352129322e-06,-2.079589886241805e-06,-1.4289506927204562e-06,-9.53932568256789e-07,-6.218197087605164e-07,-3.9873351054879397e-07,-2.5364866452526643e-07,-1.6128876833215731e-07,-1.0306044383951308e-07,-6.63440591603536e-08,-4.303760132394582e-08,-2.810039074364893e-08,-1.8431657374459636e-08,-1.2118517503543889e-08,-7.968033573652441e-09,-5.225940608254545e-09,-3.408937176931156e-09,-2.2038561753827856e-09,-1.4060042140531445e-09,-8.806675741680953e-10,-5.385649013099761e-10,-3.1990892409423915e-10
1,-0.0001994383257463983,-0.00019233097228109342,-0.00018516839186227818,-0.00017800743879818615,-0.00017084339907259827,-0.00016368739952155043,-0.00015655088489802127,-0.00014944557828243388,-0.00014238343702045742,-0.0001353766043674931,-0.0001284373571019265,-0.00012157804945463202,-0.00011481105379117229,-0.0001081486985697877,-0.00010160320418564628,-9.518661739504886e-05,-8.891074509261021e-05,-8.278708829061177e-05,-7.682677721945752e-05,-7.104050853561084e-05,-6.543848568694999e-05,-6.0030363546612064e-05,-5.482519848624967e-05,-4.9831405116509964e-05,-4.505672096404012e-05,-4.0508180372003655e-05,-3.619209885735719e-05,-3.211406897073166e-05,-2.8278968249903502e-05,-2.469097892345007e-05,-2.1353617227576338e-05,-1.826976697488769e-05,-1.5441706460173066e-05,-1.2871108711481893e-05,-1.0558981155081582e-05,-8.505491298937962e-06,-6.70960227808215e-06,-5.168425823195988e-06,-3.876215211265355e-06,-2.823011986341495e-06,-1.993177463785467e-06,-1.3643702381216372e-06,-9.077828677928057e-07,-5.902451605949155e-07,-3.7792510726442075e-07,-2.403041382270654e-07,-1.5285914833906844e-07,-9.775581696902513e-08,-6.299106539153776e-08,-4.089912104821014e-08,-2.6722368776099792e-08,-1.753507834767465e-08,-1.1530495572231736e-08,-7.580014449448669e-09,-4.968801953220137e-09,-3.2381179265739135e-09,-2.0903470066002683e-09,-1.3307791119077095e-09,-8.311661220394839e-10,-5.064225844231274e-10,-2.994727937855046e-10
2,-0.00019814454350530752,-0.00019107521876496336,-0.00018394985519487594,-0.0001768258889100205,-0.00016969838903305168,-0.00016257846669873177,-0.00015547755252945383,-0.00014840735734275579,-0.00014137982836842644,-0.00013440710114823173,-0.00012750144737486147,-0.00012067521901348854,-0.00011394078913859462,-0.00010731049000500814,-0.00010079654896147372,-9.441102290042025e-05,-8.816573201753108e-05,-8.207219373343455e-05,-7.614155770369058e-05,-7.038454291108387e-05,-6.481137790420588e-05,-5.943174530778639e-05,-5.4254731798708544e-05,-4.928878479384946e-05,-4.454167714781909e-05,-4.002048116591439e-05,-3.573155317834753e-05,-3.168052971064261e-05,-2.7872335783274416e-05,-2.431120485268945e-05,-2.1000707962792742e-05,-1.794378619671133e-05,-1.5142774566823114e-05,-1.2599395811385694e-05,-1.0314687860696337e-05,-8.288808526241143e-06,-6.520638117790689e-06,-5.007086493480362e-06,-3.742032849862742e-06,-2.714931784358887e-06,-1.9093550196191966e-06,-1.302075560150051e-06,-8.635191560413258e-07,-5.601177609504404e-07,-3.581515983508421e-07,-2.276563443870394e-07,-1.4487824276376848e-07,-9.273271431298191e-08,-5.98130112938744e-08,-3.8869633872673504e-08,-2.541291624358344e-08,-1.6682177417237654e-08,-1.0970640396124054e-08,-7.210356589570921e-09,-4.723742563772504e-09,-3.0753088964274866e-09,-1.9821908003869737e-09,-1.2591606368683728e-09,-7.841157723120773e-10,-4.75957495638113e-10,-2.8018523612338697e-10
3,-0.0001968444605318087,-0.0001898136064765743,-0.00018272587039375177,-0.00017563929500363784,-0.00016854872532390264,-0.00016146525743371276,-0.0001544003083819856,-0.00014736557720063104,-0.00014037300140967712,-0.0001334347091787036,-0.00012656296740243267,-0.00011977012602204518,-0.00011306855902654123,-0.00010647060264562525,-9.9988491342351e-05,-9.363429229858333e-05,-8.741983916599194e-05,-8.135666594039082e-05,-7.545594189140026e-05,-6.972840854896356e-05,-6.418431982591066e-05,-5.883338641787805e-05,-5.3684725692448865e-05,-4.874681834055039e-05,-4.402747310883193e-05,-3.9533800940849684e-05,-3.5272199783276115e-05,-3.124835107509716e-05,-2.7467228388811105e-05,-2.393311757548089e-05,-2.064964566234062e-05,-1.7619812001268276e-05,-1.4846008790536658e-05,-1.23300078038735e-05,-1.0072874670419285e-05,-8.074751123965385e-06,-6.334422870679646e-06,-4.84857905402869e-06,-3.6106987413853098e-06,-2.6096200700376215e-06,-1.8281020703336814e-06,-1.242030310155684e-06,-8.210946390030394e-07,-5.313885971802712e-07,-3.3936964444203355e-07,-2.1567169578018408e-07,-1.373225655409982e-07,-8.797584338804398e-08,-5.6800350145547185e-08,-3.6943286096935424e-08,-2.4168446133288057e-08,-1.5870734726419755e-08,-1.0437558095599542e-08,-6.858171863743934e-09,-4.490188665329242e-09,-2.920135522277434e-09,-1.879140731908535e-09,-1.190984644239279e-09,-7.394052592424316e-10,-4.470922521093712e-10,-2.61990318328742e-10
4,-0.00019553772958919025,-0.00018854581881516674,-0.00018149614765361477,-0.00017444739328748016,-0.00016739416851052624,-0.00016034755508870235,-0.00015331895714326693,-0.00014632006247899954,-0.00013936279938547846,-0.0001324592890711851,-0.00012562179398240003,-0.00011886266233707143,-0.00011219426929787168,-0.00010562895529836469,-9.917896212507937e-05,-9.285636744787995e-05,-8.667301857290255e-05,-8.064046628075694e-05,-7.47698996843571e-05,-6.907208312306734e-05,-6.355729617918415e-05,-5.823527797937933e-05,-5.311517701089841e-05,-4.8205507750642695e-05,-4.351411544739614e-05,-3.9048150407949844e-05,-3.481405304855967e-05,-3.081755071132619e-05,-2.706366664023685e-05,-2.3556740290253675e-05,-2.0300455873645262e-05,-1.7297872001331704e-05,-1.4551438455689958e-05,-1.2062975196291958e-05,-9.833572407080826e-06,-7.863348795267289e-06,-6.150982859443044e-06,-4.6929231906633895e-06,-3.482221856754286e-06,-2.507071070134703e-06,-1.7493958452963199e-06,-1.184196231573953e-06,-7.804615363427025e-07,-5.040088617569438e-07,-3.2153680357138725e-07,-2.0431778624541153e-07,-1.301697001299118e-07,-8.347070873382378e-08,-5.394406482617242e-08,-3.5114554153281574e-08,-2.2985571057621e-08,-1.509865088511475e-08,-9.929928379559527e-09,-6.522617446158563e-09,-4.267595610230046e-09,-2.7722418804998483e-09,-1.7809621000175468e-09,-1.1260946619628953e-09,-6.969290144986928e-10,-4.197533431948841e-10,-2.4483476357417544e-10
5,-0.000194223971806462,-0.00018727151062702951,-0.00018026037122198524,-0.00017324989653599854,-0.00016623445803998216,-0.00015922512403976352,-0.00015223328647628875,-0.0001452706225794076,-0.00013834905197196434,-0.00013148068939039526,-0.0001246777932555343,-0.00011795271042813749,-0.00011131781756645864,-0.00010478545959569097,-9.836788588857281e-05,-9.207718485337857e-05,-8.59252176991232e-05,-7.992355224817338e-05,-7.408339773429251e-05,-6.841554161352015e-05,-6.293028948933799e-05,-5.763740932618333e-05,-5.2546081207305306e-05,-4.766485395624187e-05,-4.300160998460534e-05,-3.856353974041049e-05,-3.4357127016493294e-05,-3.0388146103677016e-05,-2.6661671087779837e-05,-2.318209628260348e-05,-1.9953164313357696e-05,-1.6977994028888332e-05,-1.4259093116586463e-05,-1.1798328682033343e-05,-9.596811956225082e-06,-7.6546310727732e-06,-5.970343863404004e-06,-4.540137528041832e-06,-3.3566095080095337e-06,-2.4072768528560218e-06,-1.6732112890771589e-06,-1.1285332425226002e-06,-7.415712177660794e-07,-4.779299798141068e-07,-3.0461160083206096e-07,-1.9356339853171534e-07,-1.2339827437646278e-07,-7.920357958379753e-08,-5.1235640730062926e-08,-3.3378225960944974e-08,-2.1861091603625482e-08,-1.4363939260242375e-08,-9.44649969358835e-09,-6.2028933101032635e-09,-4.055445534945079e-09,-2.6312894085833705e-09,-1.6874315278414542e-09,-1.0643418368871949e-09,-6.565855636964102e-10,-3.9387004768798306e-10,-2.2866752935613022e-10
6,-0.000192902773004211,-0.00018599030493671176,-0.0001790181964611559,-0.00017204649147029016,-0.00016506930990989321,-0.0001580977076069967,-0.00015114306518726472,-0.00014421705006262275,-0.0001373315738542047,-0.0001304987454034956,-0.00012373081961136734,-0.00011704014242575056,-0.00011043909239283334,-0.00010394001928226704,-9.755518038068178e-05,-9.129667514373718e-05,-8.517637898797226e-05,-7.92058770893167e-05,-7.339639913162e-05,-6.775875604980719e-05,-6.230327987000184e-05,-5.7039767853206413e-05,-5.1977432208638596e-05,-4.7124856720537345e-05,-4.248996168065844e-05,-3.807997851201783e-05,-3.3901435351424425e-05,-2.996015454093115e-05,-2.626126223670422e-05,-2.2809208911622747e-05,-1.960779685794556e-05,-1.6660206128227273e-05,-1.3969002549019116e-05,-1.1536099124964672e-05,-9.362624239672712e-06,-7.448627275863373e-06,-5.792531054260586e-06,-4.390239547902297e-06,-3.2338672646403666e-06,-2.3102272755926023e-06,-1.59952107414707e-06,-1.0749995297265613e-06,-7.043743416312864e-07,-4.531037293142859e-07,-2.8855358902291073e-07,-1.833785080451733e-07,-1.1698793289660614e-07,-7.516145694719256e-08,-4.86670393984312e-08,-3.172938223272581e-08,-2.079198624382883e-08,-1.3664720799333452e-08,-8.986085653361897e-09,-5.898240007518041e-09,-3.85324649965213e-09,-2.4969563083843127e-09,-1.5983370182937051e-09,-1.005584615576538e-09,-6.182795386777684e-10,-3.69375863229493e-10,-2.1344015443958142e-10
7,-0.00019157367947675308,-0.00018470178920171332,-0.00017776924648804648,-0.0001708368357671297,-0.00016389841401109884,-0.00015696502569872983,-0.0001500480411402716,-0.00014315911881268573,-0.00013631016311010935,-0.00012951327766308474,-0.00012278071445270822,-0.00011612481904543781,-0.00010955797235101539,-0.00010309252941442804,-9.674075583177011e-05,-9.051476248511658e-05,-8.442643936878991e-05,-7.848738938520672e-05,-7.270886305921209e-05,-6.710169522228249e-05,-6.167624478581324e-05,-5.6442338825624105e-05,-5.140922226287703e-05,-4.6585514518193705e-05,-4.1979174541184605e-05,-3.759747562703808e-05,-3.3446991286822936e-05,-2.9533593080555143e-05,-2.586246052194152e-05,-2.2438101592747728e-05,-1.9264379532368814e-05,-1.6344536545642718e-05,-1.3681196736392565e-05,-1.1276317541497605e-05,-9.13104018662736e-06,-7.245366464680991e-06,-5.61756892969445e-06,-4.243245504187421e-06,-3.1139988695416676e-06,-2.215909934655258e-06,-1.5282956241646772e-06,-1.023551650325416e-06,-6.688209974736736e-07,-4.2948235878803587e-07,-2.7332340146735135e-07,-1.7373427874112224e-07,-1.1091930773865499e-07,-7.133203949738487e-08,-4.623067295650429e-08,-3.0163381792291943e-08,-1.977539898501135e-08,-1.2999216147946413e-08,-8.54756154744507e-09,-5.607936448548401e-09,-3.6605304343240164e-09,-2.368936047325576e-09,-1.5134759001611542e-09,-9.496882169557352e-10,-5.819190684874798e-10,-3.4620595279477584e-10,-1.9910595394634356e-10
8,-0.00019023619313995876,-0.0001834055110123689,-0.00017651310832222933,-0.0001696205546342089,-0.0001627214310898628,-0.0001558267721233353,-0.00014894793888686753,-0.000142096581946749,-0.00013528459937894866,-0.00012852409040420287,-0.00012182730479670667,-0.00011520658837527176,-0.00010867432498173901,-0.00010224287545479438,-9.592451418205528e-05,-8.97313639257602e-05,-8.367532970254832e-05,-7.77680325857455e-05,-7.202074440093575e-05,-6.644432436231362e-05,-6.104915879368011e-05,-5.584510516720709e-05,-5.0841441771920515e-05,-4.6046824404677444e-05,-4.146925151737868e-05,-3.711603924438922e-05,-3.299380757015857e-05,-2.910847850878806e-05,-2.5465286281001198e-05,-2.2068797779217775e-05,-1.8922938497922814e-05,-1.60310137192754e-05,-1.3395705861007912e-05,-1.1019015081270567e-05,-8.90209070136816e-06,-7.044877388895365e-06,-5.445481243704364e-06,-4.099170340388092e-06,-2.997006161020721e-06,-2.1243101270274067e-06,-1.4595031480046927e-06,-9.7414464284018e-07,-6.348608473372153e-07,-4.0701869574721883e-07,-2.588827969773888e-07,-1.6460305574117484e-07,-1.0517398640885744e-07,-6.770369476161164e-08,-4.391938035475107e-08,-2.8675842922432082e-08,-1.8808631319089386e-08,-1.2365741763886717e-08,-8.129860895600416e-09,-5.3312974035435445e-09,-3.4768528056616788e-09,-2.2469375249301038e-09,-1.4326564379274487e-09,-8.965245212877448e-10,-5.474166675512038e-10,-3.2429969820668703e-10,-1.8562051895543163e-10
9,-0.00018888976591846518,-0.00018210097312831852,-0.0001752493284447043,-0.00016839723687156471,-0.00016153798926243912,-0.0001546826115101929,-0.00014784245695020903,-0.00014102916943115051,-0.00013425464176897162,-0.0001275309697189586,-0.00012087040168773378,-0.0001142852844975284,-0.00010778800560229396,-0.00010139093225425277,-9.510634820819597e-05,-8.894638865275528e-05,-8.292297415490868e-05,-7.704774448602514e-05,-7.133199330855433e-05,-6.578660478240295e-05,-6.042199324651776e-05,-5.524804722545351e-05,-5.0274079102630154e-05,-4.550878186637686e-05,-4.096019439125964e-05,-3.663567669220935e-05,-3.254189640111704e-05,-2.8684827295455406e-05,-2.5069759722828877e-05,-2.1701320942368874e-05,-1.8583500036140066e-05,-1.57196662672332e-05,-1.3112560285466479e-05,-1.0764223006054507e-05,-8.675806629332428e-06,-6.847188436798213e-06,-5.276290931610639e-06,-3.958027599337832e-06,-2.8828889909737754e-06,-2.035410814671401e-06,-1.3931096841668378e-06,-9.267321473549472e-07,-6.024432681606129e-07,-3.85666250490857e-07,-2.451946965464913e-07,-1.5595835245463263e-07,-9.97344808961742e-08,-6.426542387139023e-08,-4.172640322153143e-08,-2.7262630264424104e-08,-1.7889133174797678e-08,-1.1762703144846398e-08,-7.73197139647408e-09,-5.067673169989462e-09,-3.3017912848265496e-09,-2.1306841846424618e-09,-1.355695333771223e-09,-8.459710709729507e-10,-5.146890691420936e-10,-3.035978135557116e-10,-1.7294121690270003e-10
10,-0.00018753379323066532,-0.0001807876277295506,-0.00017397740766678105,-0.0001671664303277698,-0.0001603476799971748,-0.00015353217576796752,-0.00014673126471120845,-0.00013995658534704525,-0.0001332200264703154,-0.0001265336814735285,-0.00011990979838594207,-0.00011336072592316171,-0.00010689885595782656,-0.00010053656289366053,-9.428614053841322e-05,-8.815973715647907e-05,-8.216928949211777e-05,-7.632645663435689e-05,-7.064255471034286e-05,-6.512849347473093e-05,-5.9794715967065315e-05,-5.465114250546854e-05,-4.970712037710712e-05,-4.4971380658509474e-05,-4.045200365010437e-05,-3.61563943713783e-05,-3.209126936010165e-05,-2.8262655545008286e-05,-2.4675900893722513e-05,-2.1335694546431583e-05,-1.8246090533136083e-05,-1.5410522971937013e-05,-1.2831790540568377e-05,-1.051197266699333e-05,-8.452218720922389e-06,-6.652327579681483e-06,-5.110020036669383e-06,-3.819829337725622e-06,-2.771645152721547e-06,-1.9491926033232687e-06,-1.3290791573972172e-06,-8.812665306390244e-07,-5.715174931086864e-07,-3.6537930947488917e-07,-2.3222321265947699e-07,-1.4777483370309596e-07,-9.458419292229792e-08,-6.100683291876408e-08,-3.964536454681422e-08,-2.591983960797961e-08,-1.701449270363753e-08,-1.1188589166266638e-08,-7.3529340394173914e-09,-4.816444576505319e-09,-3.1349425277937826e-09,-2.019912015427394e-09,-1.2824183936999134e-09,-7.97911292593767e-10,-4.836568923138884e-10,-2.840445656460133e-10,-1.610267474916327e-10
11,-0.00018616760640077779,-0.00017946486973574594,-0.00017269679516918046,-0.00016592763663281218,-0.0001591500534725565,-0.0001523750599967677,-0.0001456139988216254,-0.00013887850475224894,-0.0001321804640097568,-0.00012553196892106655,-0.0001189452683001413,-0.00011243271380712017,-0.00010600670268612333,-9.967961736956354e-05,-9.346376253138722e-05,-8.737130028269036e-05,-8.141418428331271e-05,-7.560409366846876e-05,-6.99523677600844e-05,-6.446994265552064e-05,-5.916729087851458e-05,-5.4054365373978897e-05,-4.914054923599309e-05,-4.443461261938175e-05,-3.9944678343895035e-05,-3.567819764960234e-05,-3.1641937329407455e-05,-2.7841978940346124e-05,-2.4283729638918672e-05,-2.0971942022995904e-05,-1.791073646217889e-05,-1.5103612767797259e-05,-1.2553427305661558e-05,-1.0262295476959338e-05,-8.23135759020488e-06,-6.460322311330202e-06,-4.946689628138046e-06,-3.684586037167037e-06,-2.663270309621879e-06,-1.8656337237299425e-06,-1.2673734457457897e-06,-8.376990188185829e-07,-5.420327506833189e-07,-3.461130253512579e-07,-2.199336706087962e-07,-1.4002829451520427e-07,-8.970738196723005e-08,-5.7918103424370315e-08,-3.767024669976138e-08,-2.464378412447843e-08,-1.6182428730360243e-08,-1.0641969971914023e-08,-6.991837331327133e-09,-4.577025425334114e-09,-2.975926172155141e-09,-1.9143697738144283e-09,-1.212659306304431e-09,-7.52234052825429e-10,-4.5424397576709907e-10,-2.655862196832004e-10,-1.4983925211708993e-10
12,-0.00018479046376085329,-0.0001781320289915289,-0.00017140688155348194,-0.0001646803050718848,-0.00015794461318208164,-0.00015121081775437695,-0.00014449025905238777,-0.0001377945700540284,-0.0001311356360953475,-0.00012452554995956433,-0.00011797656261292033,-0.00011150102989820887,-0.00010511135555990592,-9.881993109295273e-05,-9.263907300316454e-05,-8.658095815383682e-05,-8.065755799613328e-05,-7.4880572560998e-05,-6.926136521334669e-05,-6.381089925566741e-05,-5.8539677588731465e-05,-5.3457686725932874e-05,-4.857434657612458e-05,-4.3898467463998614e-05,-3.943821592788943e-05,-3.5201090744507724e-05,-3.1193910409177406e-05,-2.7422812678867814e-05,-2.3893265558072585e-05,-2.0610086742811617e-05,-1.7577464359819217e-05,-1.4798964719231478e-05,-1.2277501387991663e-05,-1.0015222886572417e-05,-8.013253675054344e-06,-6.2711995876263416e-06,-4.78631972322674e-06,-3.5523065140541377e-06,-2.55775792501467e-06,-1.7847100288737039e-06,-1.2079524562835786e-06,-7.95979837375782e-07,-5.139383982832868e-07,-3.278234925740975e-07,-2.0829262337151988e-07,-1.3269563936546547e-07,-8.50891292980549e-08,-5.498996213937346e-08,-3.5795371111646546e-08,-2.343098381984987e-08,-1.5390785979008115e-08,-1.0121488536185552e-08,-6.64781629744482e-09,-4.34885683020525e-09,-2.8243769545355235e-09,-1.8138188728755722e-09,-1.146261086049094e-09,-7.088338804805971e-10,-4.263778219382175e-10,-2.481712613189302e-10,-1.3934009501781475e-10
13,-0.00018340154019469423,-0.00017678836110346374,-0.000170106990701413,-0.00016342382541734146,-0.0001567308096424025,-0.00015003895553977742,-0.00014335960347544585,-0.00013670438680413177,-0.0001300851919612267,-0.00012351411396549494,-0.00011700340754905447,-0.0001105654341930773,-0.00010421260547333056,-9.795732317363637e-05,-9.18119167672149e-05,-8.5788578944479e-05,-7.989929996687906e-05,-7.415580176117764e-05,-6.856947271782765e-05,-6.315130433898197e-05,-5.79118309207427e-05,-5.286107360880088e-05,-4.800849025099474e-05,-4.33629325533591e-05,-3.8932612083319995e-05,-3.472507658575097e-05,-3.074719781581692e-05,-2.700517140574732e-05,-2.3504527957074473e-05,-2.025015197859581e-05,-1.724630080346401e-05,-1.4496608003566891e-05,-1.2004043704161305e-05,-9.7707863486729e-06,-7.797937188636084e-06,-6.084985759935435e-06,-4.6289291999457305e-06,-3.4229978351785206e-06,-2.455099205489475e-06,-1.7063949968587622e-06,-1.1507742185834502e-06,-7.560583490384687e-07,-4.87184054875911e-07,-3.104678205634315e-07,-1.9726786049112377e-07,-1.2575484853449836e-07,-8.071530466224885e-08,-5.2213651402510664e-08,-3.40153805122867e-08,-2.2278150213494996e-08,-1.4637522971483463e-08,-9.62586099717555e-09,-6.320051149089068e-09,-4.1314092147359815e-09,-2.6799491514850615e-09,-1.7180323830245925e-09,-1.0830722985133434e-09,-6.67608635041006e-10,-3.999887088212972e-10,-2.3175039665090935e-10,-1.2949441519083393e-10
14,-0.0001819999147627538,-0.00017543303662836962,-0.000168796370185742,-0.0001621575195169811,-0.0001555080330202241,-0.00014885892634697306,-0.00014222154283882738,-0.00013560751881080968,-0.0001290287441222393,-0.00012249731812530307,-0.00011602550120781707,-0.00010962566221506265,-0.00010331022212173302,-9.709159444515336e-05,-9.098212296865249e-05,-8.49940174694197e-05,-7.913928822600447e-05,-7.342968021828433e-05,-6.787660801088613e-05,-6.249109244715889e-05,-5.728370038160513e-05,-5.226448879369627e-05,-4.744295473435578e-05,-4.2827992630556366e-05,-3.842786051810876e-05,-3.42501566683584e-05,-3.030180777252589e-05,-2.6589069130888987e-05,-2.311753579298248e-05,-1.9892160870282893e-05,-1.6917272384953108e-05,-1.419657188783674e-05,-1.1733085249820974e-05,-9.529017288123498e-06,-7.585438072554851e-06,-5.901706506605819e-06,-4.47453571372769e-06,-3.2966652259158735e-06,-2.3552830430428884e-06,-1.6306597458992655e-06,-1.095794975869424e-06,-7.178832028831295e-07,-4.6171972556408036e-07,-2.940041949894834e-07,-1.8682840829953307e-07,-1.1918495723683975e-07,-7.657253253690044e-08,-4.9580907157675824e-08,-3.232521761376006e-08,-2.1182178011613928e-08,-1.3920708585857255e-08,-9.153867441824559e-09,-6.007761177428961e-09,-3.924176983360894e-09,-2.542314359033071e-09,-1.6267933666824774e-09,-1.0229497249270025e-09,-6.284637255049574e-10,-3.750102450794657e-10,-2.1627633017828884e-10,-1.2026757367777918e-10
15,-0.00018058455598901624,-0.00017406512824402753,-0.00016747417992935,-0.00016088063135644148,-0.00015427560444591926,-0.0001476701220883836,-0.00014107553397391115,-0.00013450348241339505,-0.0001279658634243397,-0.00012147478315882587,-0.00011504250989813336,-0.00010868142187558938,-0.00010240395132110613,-9.622252518948216e-05,-9.014950315799908e-05,-8.4197113575879e-05,-7.837738814786555e-05,-7.270209626786261e-05,-6.718268000049932e-05,-6.183019084882169e-05,-5.665522955577984e-05,-5.16678902966472e-05,-4.687771073985658e-05,-4.22936295252363e-05,-3.792395274082594e-05,-3.3776330878865224e-05,-2.985774738561986e-05,-2.6174519143218333e-05,-2.2732307612738367e-05,-1.9536136381059777e-05,-1.6590405676364384e-05,-1.3898885702579022e-05,-1.1464657078796847e-05,-9.289947065838078e-06,-7.375785943564139e-06,-5.721386760804137e-06,-4.323155606389406e-06,-3.173311986737204e-06,-2.2582959680050863e-06,-1.5574730605205644e-06,-1.0429692991476003e-06,-6.814024799961516e-07,-4.3749592193442766e-07,-2.783919315074712e-07,-1.7694452791872095e-07,-1.1296602098198605e-07,-7.264815815588577e-08,-4.708392520313964e-08,-3.072011178772982e-08,-2.0140131340440348e-08,-1.3238514506852539e-08,-8.704354348409993e-09,-5.710206973930099e-09,-3.726681852000979e-09,-2.411158162018978e-09,-1.5398968766788812e-09,-9.657574739918573e-10,-5.91305893138383e-10,-3.5137848186650444e-10,-2.0170376480166397e-10,-1.1162648583251666e-10
16,-0.00017915430427239976,-0.00017268359546362966,-0.0001661394787002557,-0.00015959231525775053,-0.00015303276572464775,-0.00014647186464333828,-0.00013992097202430998,-0.0001333917397543516,-0.0001268960732334623,-0.0001204460883272862,-0.00011405406384490391,-0.00010773238980754662,-0.0001014935118894833,-9.534987249693039e-05,-8.93138490691836e-05,-8.339769027565502e-05,-7.761345090284699e-05,-7.197292634653074e-05,-6.648758771166108e-05,-6.116851868398498e-05,-5.6026355416349816e-05,-5.107123082592757e-05,-4.631272478849979e-05,-4.1759821816089726e-05,-3.742087780067571e-05,-3.330359730924215e-05,-2.9415022503975763e-05,-2.5761533908985612e-05,-2.234886147989279e-05,-1.9182101248294003e-05,-1.6265727200481805e-05,-1.360357881363683e-05,-1.119879026845183e-05,-9.053606936371139e-06,-7.169010038721169e-06,-5.544050634131992e-06,-4.174803817758033e-06,-3.0529394099421125e-06,-2.164122106185218e-06,-1.4868014308611066e-06,-9.922502015591306e-07,-6.465638431318865e-07,-4.144637737457657e-07,-2.6359152061061764e-07,-1.6758770460256756e-07,-1.070790791590781e-07,-6.893021287091017e-08,-4.471534409411504e-08,-2.9195558859385073e-08,-1.9149237528992558e-08,-1.2589211673130762e-08,-8.276224594538917e-09,-5.426685323328684e-09,-3.538467074903906e-09,-2.286183908850603e-09,-1.4571457374046304e-09,-9.113634291679773e-10,-5.560465421439176e-10,-3.29032801005269e-10,-1.8798873568925956e-10,-1.035402874549618e-10
17,-0.00017770785072634965,-0.00017128726628756752,-0.00016479120795342972,-0.00015829162180303058,-0.00015177866708793175,-0.00014526339522480392,-0.00013875718124234382,-0.00013227169083296353,-0.0001258188425943274,-0.0001194107655537735,-0.00011305975216924224,-0.00010677820708671071,-0.00010057859201628716,-9.447336719858868e-05,-8.84749300413823e-05,-8.25955515928456e-05,-7.68473116659063e-05,-7.124203351382974e-05,-6.579121907779317e-05,-6.0505985982839405e-05,-5.5397007536095444e-05,-5.047445715344878e-05,-4.5747958713704406e-05,-4.1226544452710456e-05,-3.6918622000614576e-05,-3.283195203063194e-05,-2.897363755782756e-05,-2.535012495674671e-05,-2.196721489999831e-05,-1.8830077928466693e-05,-1.5943263386164475e-05,-1.3310680590405966e-05,-1.0935515887933178e-05,-8.820028010392278e-06,-6.965139155434841e-06,-5.369721339576472e-06,-4.029493793522576e-06,-2.9355466950597986e-06,-2.0727431464528934e-06,-1.4186090984136257e-06,-9.435892627251974e-07,-6.133146783771082e-07,-3.9257513573254244e-07,-2.4956466360137597e-07,-1.5873063441418367e-07,-1.0150612972381623e-07,-6.540738373139732e-08,-4.2468213612423256e-08,-2.7747307118630715e-08,-1.820687511866481e-08,-1.1971159397106135e-08,-7.868439233504887e-09,-5.1565289815869164e-09,-3.3590992210008608e-09,-2.167107160389037e-09,-1.378352987302378e-09,-8.596450218334439e-10,-5.226030719285291e-10,-3.079145827200591e-10,-1.750901645891645e-10,-9.597767025582016e-11
18,-0.00017624371156577112,-0.0001698748150591456,-0.00016342817236436602,-0.00015697748090293118,-0.00015051235251206663,-0.0001440438616733264,-0.00013758340401204272,-0.00013114266405045427,-0.0001247335781124903,-0.00011836829247680036,-0.00011205911695655324,-0.00010581847419000034,-9.96588449961866e-05,-9.359271027498117e-05,-8.763249000631745e-05,-8.17904800507474e-05,-7.607878753601582e-05,-7.050926574447836e-05,-6.509344954341856e-05,-5.984249253110363e-05,-5.4767107176445506e-05,-4.9877509395779285e-05,-4.51833690959802e-05,-4.069376831439264e-05,-3.641716856228605e-05,-3.236138885509554e-05,-2.8533595378688048e-05,-2.494030274946546e-05,-2.1587384725352265e-05,-1.848008853455596e-05,-1.5623040526380194e-05,-1.3020220365866919e-05,-1.0674864960202868e-05,-8.589241201395481e-06,-6.764201588405072e-06,-5.198421107799334e-06,-3.887237390864939e-06,-2.8211308766845633e-06,-1.9841383203100804e-06,-1.3528581177535415e-06,-8.969367630839997e-07,-5.816022499161022e-07,-3.717826857485562e-07,-2.3627430656425474e-07,-1.5034720668438695e-07,-9.623008700998525e-08,-6.206898173211073e-08,-4.0335978557237695e-08,-2.637134421945575e-08,-1.7310565203487727e-08,-1.138280691925786e-08,-7.480011943172826e-09,-4.899101790911686e-09,-3.1881661755051027e-09,-2.053657244260876e-09,-1.3033409906881843e-09,-8.104839022138322e-10,-4.90893770077605e-10,-2.879676497258288e-10,-1.6296697324946763e-10,-8.891198888250074e-11
19,-0.0001747601969037671,-0.0001684447355534413,-0.00016204901622374202,-0.0001556486813392155,-0.0001492327420098416,-0.0001428123031725903,-0.0001363987876936701,-0.00013000390491302305,-0.0001236396142783036,-0.00011731808419179757,-0.00011105164623548269,-0.0001048527450455694,-9.873388420955642e-05,-9.270756863144491e-05,-8.678624396041279e-05,-8.098223374219948e-05,-7.530767511276792e-05,-6.977445393507864e-05,-6.439414044301373e-05,-5.9177926565734396e-05,-5.413656624364549e-05,-4.928032018325368e-05,-4.461890661788814e-05,-4.016145971075247e-05,-3.59164972483228e-05,-3.1891899043845484e-05,-2.8094896994845797e-05,-2.453207653663192e-05,-2.1209387054410556e-05,-1.8132154766536956e-05,-1.5305084726469076e-05,-1.2732227403056129e-05,-1.0416868423179793e-05,-8.361277179957938e-06,-6.566225062121234e-06,-5.030171100761649e-06,-3.74804478964208e-06,-2.7096867436515737e-06,-1.8982843825732232e-06,-1.2895084269270995e-06,-8.522418208922744e-07,-5.513738381424105e-07,-3.520400113643518e-07,-2.236846543546278e-07,-1.4241247914270616e-07,-9.123475086525445e-08,-5.8904907174195387e-08,-3.831245032337449e-08,-2.5063880970677133e-08,-1.6457963880611715e-08,-1.0822682749989099e-08,-7.110006583488371e-09,-4.653801122245227e-09,-3.0252746974213096e-09,-1.9455781430366414e-09,-1.231940771617701e-09,-7.637657173376056e-10,-4.6084247529165623e-10,-2.6913760109437135e-10,-1.5158074795351695e-10,-8.231348935794358e-11
20,-0.00017325537247980805,-0.00016699530805119878,-0.00016065219462424452,-0.00015430384584025347,-0.00014793861013639997,-0.00014156763174444364,-0.0001352023687344328,-0.0001288545624262838,-0.000122536201851986,-0.00011625948336524417,-0.00011003676559129261,-0.00010388051995180447,-9.780327715747106e-05,-9.1817570111008e-05,-8.593587380589796e-05,-8.017054287989822e-05,-7.453374765731269e-05,-6.903740958330573e-05,-6.369313711163116e-05,-5.851216324881392e-05,-5.350528607328542e-05,-4.868281370384864e-05,-4.405451530997695e-05,-3.9629579809297155e-05,-3.541658392292035e-05,-3.1423470987945734e-05,-2.765754138955856e-05,-2.4125454185508488e-05,-2.083323711321583e-05,-1.7786297826116737e-05,-1.4989421845967854e-05,-1.2446730840220965e-05,-1.0161557081111994e-05,-8.136166319339111e-06,-6.37123666136219e-06,-4.864991325792545e-06,-3.6119243929100264e-06,-2.6012067770864178e-06,-1.815155609374841e-06,-1.2285179327164997e-06,-8.094525369983785e-07,-5.225768791028429e-07,-3.3330169202372417e-07,-2.1176118947252576e-07,-1.3490265660109912e-07,-8.650476956972852e-08,-5.590562279778055e-08,-3.6391794022705426e-08,-2.3821338235308076e-08,-1.564685314647818e-08,-1.0289392893270133e-08,-6.7575345319426106e-09,-4.4200545445960415e-09,-2.8700521959024172e-09,-1.8426238312940768e-09,-1.1639889052617036e-09,-7.193827755713755e-10,-4.3237502467263766e-10,-2.51373588611159e-10,-1.4089396316308012e-10,-7.615685859718724e-11
21,-0.00017172701238710175,-0.00016552455874885297,-0.00015923593802202873,-0.00015294140051569372,-0.00014662855967939592,-0.00014030860967251257,-0.00013399305334083067,-0.00012769367259979347,-0.00012142249382440795,-0.00011519174832796963,-0.0001090138281023556,-0.00010290123709166821,-9.686653835272452e-05,-9.09222975562507e-05,-8.508102341675539e-05,-7.935510571677185e-05,-7.375675174126073e-05,-6.829792205342855e-05,-6.29902666764437e-05,-5.784506289296942e-05,-5.287315601298914e-05,-4.8084904586076505e-05,-4.349013168969407e-05,-3.9098083965072306e-05,-3.491740005090449e-05,-3.0956089831502e-05,-2.722152523393362e-05,-2.372044198795109e-05,-2.0458949122392767e-05,-1.7442538326140067e-05,-1.4676077431552415e-05,-1.216375964396832e-05,-9.908961555282758e-06,-7.913938633752338e-06,-6.1792627534806854e-06,-4.702900541886379e-06,-3.478882736995814e-06,-2.4956810786846972e-06,-1.734723803714644e-06,-1.169842598791604e-06,-7.685161440562638e-07,-4.951591021651325e-07,-3.1552337098617045e-07,-2.004706809444201e-07,-1.2779506253224326e-07,-8.202560275449855e-08,-5.306212447209191e-08,-3.4568498286091653e-08,-2.2640335384238597e-08,-1.4875135345704393e-08,-9.781616849835473e-09,-6.4217520190368305e-09,-4.197314495968385e-09,-2.7221438436697554e-09,-1.744562716510245e-09,-1.0993330690212133e-09,-6.772324923076667e-10,-4.0542058599157826e-10,-2.3462520815087373e-10,-1.3087220196439375e-10,-7.041611738145548e-11
22,-0.00017017254030715634,-0.00016403020936772705,-0.00015779820832140246,-0.00015155953706313952,-0.0001453009892316004,-0.0001390338217510667,-0.00013276959379870945,-0.00012652013829361763,-0.00012029752832765084,-0.00011411403861893987,-0.00010798210215723358,-0.00010191426231953571,-9.592312077844056e-05,-9.002128169610657e-05,-8.422129275231782e-05,-7.853558370518599e-05,-7.297640328252086e-05,-6.755575534977964e-05,-6.228533544483383e-05,-5.71764688759302e-05,-5.224005177373314e-05,-4.7486496601578665e-05,-4.2925683750638655e-05,-3.8566920951499384e-05,-3.441891211997117e-05,-3.0489737046668353e-05,-2.6786842574288983e-05,-2.3317044437920487e-05,-2.0086536139718447e-05,-1.710089618800481e-05,-1.4365076644207164e-05,-1.1883342546425979e-05,-9.659112232274225e-06,-7.694623715970295e-06,-5.990328910687737e-06,-4.543916167332185e-06,-3.3489243973505722e-06,-2.3930973251928833e-06,-1.6569583154435463e-06,-1.1134365562881499e-06,-7.293791526308269e-07,-4.69068657249494e-07,-2.986618201639146e-07,-1.8978117788392979e-07,-1.210681022101312e-07,-7.778348942721891e-08,-5.036591321783135e-08,-3.2837366603644114e-08,-2.1517679638094478e-08,-1.4140825843611537e-08,-9.298101844024131e-09,-6.101857241702646e-09,-3.985066054923436e-09,-2.581208580210159e-09,-1.6511711997679868e-09,-1.0378244930109304e-09,-6.372151695188677e-10,-3.7991210177779067e-10,-2.1884449807885176e-10,-1.2148149153290433e-10,-6.506883920565087e-11
23,-0.00016858895593374612,-0.00016250961409269848,-0.00015633664403047476,-0.00015015616567159995,-0.0001439540528771488,-0.0001377416408767651,-0.00013153055919890022,-0.0001253327043939656,-0.00011916020763846902,-0.00011302539730051464,-0.00010694075661277225,-0.00010091887673713273,-9.497240554257047e-05,-8.911399257582886e-05,-8.335623078359333e-05,-7.771159568781272e-05,-7.219238280242735e-05,-6.68106442782701e-05,-6.157812582374689e-05,-5.6506205174500224e-05,-5.160583347763037e-05,-4.688748113856889e-05,-4.2361089782172456e-05,-3.803603205954076e-05,-3.392108095390256e-05,-3.002438992583123e-05,-2.6353484466223875e-05,-2.2915263976575062e-05,-1.971600988515121e-05,-1.676139050754699e-05,-1.405644417040719e-05,-1.160550798351423e-05,-9.412039192469024e-06,-7.4782506676029925e-06,-5.804459824343411e-06,-4.388054180459733e-06,-3.22205189773328e-06,-2.2934407057917383e-06,-1.5818260648003957e-06,-1.0592522108332503e-06,-6.919875135125153e-07,-4.4425424050587026e-07,-2.826749896378544e-07,-1.796620141547578e-07,-1.1470124050561026e-07,-7.376541244497048e-08,-4.780896567524451e-08,-3.119349267777238e-08,-2.0450355187051628e-08,-1.3442045698752736e-08,-8.83765949311055e-09,-5.7970899192127945e-09,-3.7828136179030025e-09,-2.4469279935601662e-09,-1.562238338692623e-09,-9.793255095758013e-10,-5.992371043817002e-10,-3.557842909174269e-10,-2.0398527311726866e-10,-1.1268586064261399e-10,-6.009015507402182e-11
24,-0.00016697274236054938,-0.0001609596800871138,-0.00015484849123748035,-0.0001487288558288391,-0.00014258560962066014,-0.00013643018501019455,-0.00013027429893197606,-0.00012412992694832425,-0.00011800927218175161,-0.00011192472913101881,-0.00010588884252982211,-9.991426148481253e-05,-9.401368925932019e-05,-8.8199829130442e-05,-8.248532692611832e-05,-7.688271089056897e-05,-7.140432974539479e-05,-6.606228985317486e-05,-6.086839263197419e-05,-5.58340734371221e-05,-5.097034334777817e-05,-4.628773540549247e-05,-4.179625698297329e-05,-3.750535004298783e-05,-3.3423860929193694e-05,-2.9560021003849357e-05,-2.5921438557841014e-05,-2.2515100689624035e-05,-1.9347380530110314e-05,-1.6424039423146297e-05,-1.3750204123752496e-05,-1.1330284014121617e-05,-9.16777215254072e-06,-7.264848023158521e-06,-5.62167921680512e-06,-4.23532902127377e-06,-3.098265621392926e-06,-2.196693888123491e-06,-1.5092915872649826e-06,-1.0072403702210408e-06,-6.562867600479194e-07,-4.2066520533623475e-07,-2.675220573955528e-07,-1.700837874984984e-07,-1.0867495614519385e-07,-6.995905810214254e-08,-4.5383709679214235e-08,-2.9632246434374565e-08,-1.943551009020439e-08,-1.277701322521807e-08,-8.39916314276934e-09,-5.506727962512059e-09,-3.5900895589691117e-09,-2.31899521807577e-09,-1.477562516782882e-09,-9.236988951499825e-10,-5.632077026973548e-10,-3.329740927426883e-10,-1.90004456612769e-10,-1.0445644349488248e-10,-5.545830461528567e-11
25,-0.000165319748991255,-0.00015937676661748057,-0.00015333051608168446,-0.00014727476130849126,-0.00014119315941441002,-0.00013509726284555157,-0.0001289988967276834,-0.00012291013443732624,-0.00011684326800986966,-0.0001108107733664987,-0.00010482527051491886,-9.889947893526596e-05,-9.304616850558389e-05,-8.727810640341005e-05,-8.160800057099848e-05,-7.604844041209091e-05,-7.06118355711105e-05,-6.531035375267891e-05,-6.01558586752482e-05,-5.515984947868091e-05,-5.033340296289879e-05,-4.568712028785171e-05,-4.123107981701679e-05,-3.6974797868793985e-05,-3.292719904379737e-05,-2.909659737193593e-05,-2.5490688593698962e-05,-2.211655196671103e-05,-1.8980656457667777e-05,-1.6088859949192624e-05,-1.3446379925063923e-05,-1.105769823439573e-05,-8.926340376635977e-06,-7.054443669218813e-06,-5.4420097459484396e-06,-4.0857534884253255e-06,-2.9775637218065754e-06,-2.10283697699154e-06,-1.4393170815196754e-06,-9.57350368757659e-07,-6.22222168455977e-07,-3.982516765255184e-07,-2.531634653024639e-07,-1.610183564260126e-07,-1.0297071728615492e-07,-6.635279214961542e-08,-4.308300116662167e-08,-2.8149257147447315e-08,-1.8470447837870552e-08,-1.2144045324902208e-08,-7.98154475845081e-09,-5.230082589235963e-09,-3.406446680287445e-09,-2.19711582261084e-09,-1.3969523315893184e-09,-8.708203047547158e-10,-5.290416993375402e-10,-3.1142333156708446e-10,-1.7685763964436774e-10,-9.676215384502029e-11,-5.115241563657946e-11
26,-0.00016362504326838945,-0.0001577565563097849,-0.00015177889301920544,-0.0001457905243338331,-0.0001397737614587946,-0.0001337403045318375,-0.00012770211218748884,-0.00012167137864915745,-0.00011566050570488429,-0.0001096820695085654,-0.00010374878229635343,-9.787344919942598e-05,-9.206892049418158e-05,-8.63480397144123e-05,-8.072358819788406e-05,-7.520822676365668e-05,-6.981443534792575e-05,-6.455445157582673e-05,-5.944020939141481e-05,-5.448327905543948e-05,-4.969480994976294e-05,-4.5085477799133855e-05,-4.066543806091616e-05,-3.644428724491888e-05,-3.2431033812230226e-05,-2.863407987430122e-05,-2.5061213836607976e-05,-2.1719612086190665e-05,-1.8615843984992608e-05,-1.575586777891047e-05,-1.3144994180702696e-05,-1.0787777678711308e-05,-8.687772601323474e-06,-6.847064755621801e-06,-5.265472910576108e-06,-3.939338637071188e-06,-2.85994203874651e-06,-2.011847501037778e-06,-1.371862476506891e-06,-9.095302173633968e-07,-5.897389061537694e-07,-3.769646457207898e-07,-2.395609444150182e-07,-1.524388069107374e-07,-9.757093888396184e-08,-6.293561671810721e-08,-4.090009886326129e-08,-2.6740397451874287e-08,-1.7552619357985577e-08,-1.154154460891732e-08,-7.583788264042823e-09,-4.9665005441568155e-09,-3.2314626530194346e-09,-2.081014915944479e-09,-1.3202234860898443e-09,-8.205671697680827e-10,-4.966569377984342e-10,-2.9107205534728564e-10,-1.645057423615981e-10,-8.957234953754778e-11,-4.715339230187965e-11
27,-0.00016188272364558998,-0.00015609389040571742,-0.00015018906157449052,-0.0001442721522777468,-0.00013832392895896106,-0.00013235627246599435,-0.00012638130562958594,-0.00012041137168994354,-0.00011445900783524365,-0.00010853691368550855,-0.00010265791466990137,-9.683492046930198e-05,-9.108087878573201e-05,-8.540872486140216e-05,-7.983132730560172e-05,-7.43614309177687e-05,-6.901159734873374e-05,-6.379414456425536e-05,-5.8721086292123914e-05,-5.380407272337351e-05,-4.90543339832783e-05,-4.448262798595337e-05,-4.009919444980525e-05,-3.591371684752431e-05,-3.193529395995043e-05,-2.8172422149363996e-05,-2.4632988384620802e-05,-2.1324271739953105e-05,-1.825294702850755e-05,-1.5425077064978865e-05,-1.2846068516481068e-05,-1.0520548709536115e-05,-8.452096932565212e-06,-6.6427376004263294e-06,-5.0920889371752764e-06,-3.796093674512946e-06,-2.7453940196764393e-06,-1.9237003812122566e-06,-1.3068855033715465e-06,-8.637267310263042e-07,-5.587821796382286e-07,-3.5675606069318633e-07,-2.2667754162597475e-07,-1.4431943906600964e-07,-9.245894494469553e-08,-5.969714633735634e-08,-3.8828639414845156e-08,-2.5401771797106676e-08,-1.667961546658603e-08,-1.0967998065325446e-08,-7.204931762316846e-09,-4.715363655094507e-09,-3.064733800073327e-09,-1.9704278209076165e-09,-1.2472018973141985e-09,-7.728213624602631e-10,-4.659721497546343e-10,-2.7186697337810983e-10,-1.5290702037873416e-10,-8.286082930908378e-11,-4.3440362418323275e-11
28,-0.0001600856866712519,-0.00015438255841848658,-0.00014855554246517855,-0.00014271485825467778,-0.00013683949252651928,-0.00013094154533721536,-0.0001250333404114734,-0.0001191274042540158,-0.00011323644098082397,-0.00010737330240795373,-0.00010155095320030227,-9.578243108565587e-05,-9.008080236050375e-05,-8.445911303978093e-05,-7.893033618122658e-05,-7.350731607225214e-05,-6.820271010665735e-05,-6.302892933796045e-05,-5.799807888839936e-05,-5.312189952055846e-05,-4.8411711898399545e-05,-4.387836519414989e-05,-3.953219183783219e-05,-3.5382970196895513e-05,-3.1439896848173277e-05,-2.7711569492439025e-05,-2.4205980357905332e-05,-2.0930517464989862e-05,-1.789196671664328e-05,-1.5096500154854198e-05,-1.254962340180299e-05,-1.0256036878431019e-05,-8.219340737358749e-06,-6.441487579333938e-06,-4.921876680441528e-06,-3.6560258460660577e-06,-2.6339106429240644e-06,-1.8383679374345263e-06,-1.2443417820584557e-06,-8.198856891183937e-07,-5.292973783710408e-07,-3.3757891415575614e-07,-2.1447762721393815e-07,-1.366357333942858e-07,-8.761893699471557e-08,-5.662757063262802e-08,-3.686262273205898e-08,-2.4129699127684034e-08,-1.5849154433311696e-08,-1.042197306233561e-08,-6.8440617617682165e-09,-4.476079951132306e-09,-2.9058742079257627e-09,-1.865100962561428e-09,-1.1777228081655267e-09,-7.274736368856338e-10,-4.369127282188856e-10,-2.537543508651652e-10,-1.4202505838056823e-10,-7.6601835985457e-11,-3.999778286356559e-11
29,-0.00015822534546172662,-0.00015261503283126032,-0.00014687170313099074,-0.00014111285499351922,-0.00013531542201050684,-0.00012949176615162372,-0.00012365445467121816,-0.00011781623833018173,-0.00011199002663042634,-0.00010618885907298647,-0.00010042587194680763,-9.471426038087927e-05,-8.906723574764186e-05,-8.349797866502584e-05,-7.801958807185372e-05,-7.264502703252518e-05,-6.738706606013167e-05,-6.225822500249834e-05,-5.7270714603152584e-05,-5.243637914364996e-05,-4.7766641659841014e-05,-4.32724534595863e-05,-3.896424972760215e-05,-3.485191306573654e-05,-3.094474657405755e-05,-2.7251457475507834e-05,-2.378015091908381e-05,-2.0538330957275974e-05,-1.7532900923988848e-05,-1.4770147276355061e-05,-1.2255677938277643e-05,-9.994266781720995e-06,-7.989530522944932e-06,-6.243339018219274e-06,-4.754853494937095e-06,-3.5191403324752457e-06,-2.5254803435181827e-06,-1.7558198903699918e-06,-1.1841849190119547e-06,-7.779519912709532e-07,-5.012302142226588e-07,-3.193873072682152e-07,-2.0292690328105323e-07,-1.293643303590386e-07,-8.303595100400685e-08,-5.37176272352724e-08,-3.499638001613903e-08,-2.2920704445539286e-08,-1.50590775405135e-08,-9.902109354698041e-09,-6.500307847545628e-09,-4.248089879865802e-09,-2.754517947067825e-09,-1.7647963090894336e-09,-1.1116259024390729e-09,-6.84416967544621e-10,-4.094062866499826e-10,-2.366822293708992e-10,-1.3182299696268274e-10,-7.076605967881733e-11,-3.680611371237319e-11
30,-0.00015629131021999143,-0.0001507821447384039,-0.00014512946449274367,-0.00013945909042156757,-0.00013374559417256293,-0.00012800164204351816,-0.00012224009141936776,-0.00011647396472325156,-0.00011071642288396077,-0.00010498073654208184,-9.928025382510697e-05,-9.362836400228502e-05,-8.803845680960265e-05,-8.252387746754408e-05,-7.709787775445065e-05,-7.177356369592047e-05,-6.656384065006904e-05,-6.14813567745287e-05,-5.653844602626634e-05,-5.174707210109375e-05,-4.711877483165594e-05,-4.266462079849376e-05,-3.8395159983384275e-05,-3.432039030659695e-05,-3.0449731650783463e-05,-2.6792010280107803e-05,-2.3355453093287792e-05,-2.014768826352764e-05,-1.717574371484787e-05,-1.4446026162406866e-05,-1.1964249607476773e-05,-9.735261880194912e-06,-7.762691799140242e-06,-6.04831506034742e-06,-4.591035122736287e-06,-3.3854401380040144e-06,-2.420088951016197e-06,-1.6760233734203211e-06,-1.1263666142014017e-06,-7.37869799483093e-07,-4.745268502581723e-07,-3.0213651980304235e-07,-1.9199240286482677e-07,-1.22482984199479e-07,-7.869582674402409e-08,-5.09585746932828e-08,-3.3224565321177124e-08,-2.177150104643033e-08,-1.4307343754182966e-08,-9.407118195525754e-09,-6.172847122343228e-09,-4.030859201975545e-09,-2.6103190720050407e-09,-1.6692842663701413e-09,-1.0487610779819079e-09,-6.435501020973788e-10,-3.8338310304197876e-10,-2.2060264726064815e-10,-1.222661971667094e-10,-6.533174001788211e-11,-3.384981184240132e-11
31,-0.00015427107205701063,-0.0001488727142615609,-0.0001433189503625698,-0.00013774491669771294,-0.00013212249298799605,-0.0001264646809455705,-0.00012078467233100909,-0.0001150958120619272,-0.00010941156540145158,-0.00010374548616720602,-9.811118374214445e-05,-9.252228742040458e-05,-8.699240724840962e-05,-8.153509102371004e-05,-7.616377752572845e-05,-7.089174636565332e-05,-6.57320651433757e-05,-6.069753484094775e-05,-5.580063458632267e-05,-5.1053467200468106e-05,-4.646770705374337e-05,-4.205455203853958e-05,-3.7824681489162515e-05,-3.3788221915909133e-05,-2.9954722143177293e-05,-2.6333138650080912e-05,-2.2931830329309122e-05,-1.9758558774451984e-05,-1.6820484668667035e-05,-1.4124141604732188e-05,-1.1675353969842206e-05,-9.479044288163152e-06,-7.538848911803342e-06,-5.856437530038505e-06,-4.430435554425571e-06,-3.2549259794123486e-06,-2.3177196304402514e-06,-1.59894296425378e-06,-1.070836779248907e-06,-6.9958270998427e-07,-4.4913403307589306e-07,-2.8578306343618465e-07,-1.816424863854138e-07,-1.1597053894973897e-07,-7.458516249059244e-08,-4.834215605598047e-08,-3.154213246148174e-08,-2.0678985634958735e-08,-1.3592017733543571e-08,-8.935777007224033e-09,-5.860896212794842e-09,-3.823880323494677e-09,-2.4729462921868617e-09,-1.578348118869144e-09,-9.889831176224106e-10,-6.047766731853699e-10,-3.5877656401339664e-10,-2.0546764289974817e-10,-1.1332002003427988e-10,-6.02735639176899e-11,-3.111333413130524e-11
32,-0.0001521497874912292,-0.0001468731934202161,-0.00014142810760864322,-0.00013595969860524804,-0.00013043683476565704,-0.00012487285009976645,-0.00011928129745975014,-0.00011367588959609876,-0.00010807045145444505,-0.00010247887929359933,-9.691510292419991e-05,-9.139304827421313e-05,-8.592659842099337e-05,-8.052955195614331e-05,-7.521557824352598e-05,-6.999816958064287e-05,-6.489059073189196e-05,-5.990582662507293e-05,-5.505652928095017e-05,-5.035496535343853e-05,-4.581296582939487e-05,-4.144187968435631e-05,-3.725253338293655e-05,-3.3255198081505455e-05,-2.9459566096790013e-05,-2.5874737346942567e-05,-2.2509214723687165e-05,-1.9370904018156665e-05,-1.646710806380014e-05,-1.380449491561464e-05,-1.1389004306749939e-05,-9.225634536313976e-06,-7.318024870084372e-06,-5.667726776348303e-06,-4.273066892768185e-06,-3.127596167828983e-06,-2.2183528192165625e-06,-1.5245407190001004e-06,-1.0175436568893304e-06,-6.630339024482623e-07,-4.2499919983285395e-07,-2.702847168301048e-07,-1.7184682032933551e-07,-1.0980688847084252e-07,-7.069128837855487e-08,-4.586058333089227e-08,-2.99443168039204e-08,-1.964022411371502e-08,-1.2911268942872312e-08,-8.486925384687538e-09,-5.5637094931171305e-09,-3.6266714076305107e-09,-2.3420820838282452e-09,-1.4917791446578121e-09,-9.321539096163178e-10,-5.680029779853157e-10,-3.3552050027196856e-10,-1.9123147509958471e-10,-1.0495115887465545e-10,-5.5570659185377735e-11,-2.858291381357958e-11
33,-0.0001499103342599284,-0.0001447674614025729,-0.00013944238169205647,-0.00013409040510481418,-0.00012867713149811166,-0.0001232161502708884,-0.00011772135413412599,-0.0001122068426400169,-0.00010668684553261087,-0.0001011756615039161,-9.568760741052174e-05,-9.023697352184001e-05,-8.483798127612019e-05,-7.950474108397998e-05,-7.425120869575252e-05,-6.909113941011569e-05,-6.403804013110914e-05,-5.910511969942078e-05,-5.430523846516877e-05,-4.9650858292338285e-05,-4.5153994583824186e-05,-4.082617208744921e-05,-3.667838637388954e-05,-3.272107288143644e-05,-2.8964085019289598e-05,-2.5416681962653342e-05,-2.2087524802039127e-05,-1.8984676142697055e-05,-1.6115591868093304e-05,-1.3487083250662835e-05,-1.1105211184858632e-05,-8.97505126307152e-06,-7.1002411181630976e-06,-5.482201498985262e-06,-4.1189392061546926e-06,-3.0034465030581714e-06,-2.1219661938687295e-06,-1.4527762242089182e-06,-9.664339599702032e-07,-6.281662949803035e-07,-4.020705977048067e-07,-2.55600578036308e-07,-1.625763696999627e-07,-1.0397293914721217e-07,-6.700222421329727e-08,-4.3506501956613874e-08,-2.842661928070811e-08,-1.8652439148780786e-08,-1.2263358772912625e-08,-8.059462430765052e-09,-5.280580861466433e-09,-3.4387732661400605e-09,-2.2174293512478016e-09,-1.4093788358593429e-09,-8.781442240035631e-10,-5.331401986552464e-10,-3.135554038635746e-10,-1.7785017902838263e-10,-9.712985971077615e-11,-5.119993318203342e-11,-2.62438959452993e-11
34,-0.00014753384179400086,-0.00014253701114030903,-0.0001373446212360463,-0.00013212130399908872,-0.00012682925976825743,-0.00012148213141349729,-0.00011609403280088415,-0.00011067940261222375,-0.0001052528815490561,-9.982921339712902e-05,-9.442316651231408e-05,-8.904947057297719e-05,-8.372276334300821e-05,-7.845754302326924e-05,-7.326812292651752e-05,-6.81685863854753e-05,-6.317274086686808e-05,-5.829407109514406e-05,-5.3545691637513215e-05,-4.8940299977484614e-05,-4.449013146645697e-05,-4.020691786932318e-05,-3.6101851406566965e-05,-3.21855561220552e-05,-2.8468068081544118e-05,-2.4958824858423156e-05,-2.166666272307438e-05,-1.8599816022923932e-05,-1.5765906471454372e-05,-1.3171898797015302e-05,-1.082398191920575e-05,-8.72731087797618e-06,-6.88551729810527e-06,-5.299878553799431e-06,-3.96806035452002e-06,-2.882470151455152e-06,-2.0285346153947614e-06,-1.3836066483641218e-06,-9.174530046784923e-07,-5.949227004364843e-07,-3.80297375368599e-07,-2.416910764857505e-07,-1.538033691517171e-07,-9.845057169499682e-08,-6.35066483845037e-08,-4.127297037470612e-08,-2.6984789958106603e-08,-1.7713007949282655e-08,-1.1646646758123325e-08,-7.652343203545797e-09,-5.010835302243777e-09,-3.259747138883995e-09,-2.098697660102289e-09,-1.3309615631840188e-09,-8.268252749132898e-10,-5.001035141560806e-10,-2.928199904772555e-10,-1.6528245438962585e-10,-8.982636856558202e-11,-4.71414018932137e-11,-2.4082513760959046e-11
35,-0.00014500077959267443,-0.00014016176862519103,-0.00013511545953415194,-0.00013003398546374,-0.00012487620316647963,-0.00011965545179970505,-0.00011438579545242078,-0.00010908183734859023,-0.00010375854354016667,-9.843108873131001e-05,-9.311472930484399e-05,-8.782470251755825e-05,-8.257614710283079e-05,-7.738403937418425e-05,-7.226313922803485e-05,-6.722794169267132e-05,-6.229263111157124e-05,-5.747103633169104e-05,-5.27765864291041e-05,-4.822226735079482e-05,-4.382058052820881e-05,-3.9583504955142956e-05,-3.5522464548520816e-05,-3.1648302572406806e-05,-2.79712645339103e-05,-2.4500989894704617e-05,-2.1246510675254626e-05,-1.8216250843305914e-05,-1.541801310711577e-05,-1.2858927740388992e-05,-1.054531991107055e-05,-8.482427114930857e-06,-6.673870942552895e-06,-5.120772726296963e-06,-3.820435836132674e-06,-2.7646575251338845e-06,-1.9380301057303484e-06,-1.3169868164908394e-06,-8.705448606427524e-07,-5.632459694204783e-07,-3.596296780372654e-07,-2.2851799919010318e-07,-1.4550130078561097e-07,-9.322260208222133e-08,-6.019386233901969e-08,-3.9153436048877666e-08,-2.5614816046015676e-08,-1.681944405973468e-08,-1.1059571036753368e-08,-7.264573831378129e-09,-4.7538351033438175e-09,-3.0891786906295238e-09,-1.9856187805089576e-09,-1.2563443618773817e-09,-7.780811550617273e-10,-4.688107679839959e-10,-2.7326141349703903e-10,-1.5348522452995894e-10,-8.300959919438355e-11,-4.3376857661314716e-11,-2.2087220941102714e-11
36,-0.00014229237235507952,-0.00013762152758589608,-0.00013273434918747995,-0.0001278079899069695,-0.00012279825246741538,-0.00011771771141466658,-0.00011257994865987442,-0.00010739937852610737,-0.00010219104489639363,-9.697041439915566e-05,-9.175318593790394e-05,-8.655512880206828e-05,-8.139195283263234e-05,-7.627920770847396e-05,-7.123220509441808e-05,-6.626595681868963e-05,-6.139512320979534e-05,-5.663396739752358e-05,-5.19963131200285e-05,-4.7495505012040695e-05,-4.31443715562807e-05,-3.895519166974282e-05,-3.493966640899515e-05,-3.1108897454945605e-05,-2.7473373607200813e-05,-2.4042965494963653e-05,-2.0826926188100003e-05,-1.7833890980423206e-05,-1.5071861798165997e-05,-1.2548148946578408e-05,-1.0269223817527262e-05,-8.24041049707347e-06,-6.465317118120595e-06,-4.944896473624283e-06,-3.6760685713232988e-06,-2.6499961611747835e-06,-1.8504218046722087e-06,-1.252869285650604e-06,-8.256524903771378e-07,-5.330791386093381e-07,-3.40018722511104e-07,-2.160444969590003e-07,-1.376448590661994e-07,-8.827274466938206e-08,-5.705375771825061e-08,-3.714171548097056e-08,-2.431290546667242e-08,-1.596939736003833e-08,-1.0500652791733955e-08,-6.895211956958747e-09,-4.508971418459851e-09,-2.926670905623041e-09,-1.8779289234771568e-09,-1.1853598103073182e-09,-7.317928485406355e-10,-4.391846886164785e-10,-2.548197208795955e-10,-1.4242207413417418e-10,-7.665423851221931e-11,-3.9885872382683374e-11,-2.0247359344693905e-11
37,-0.00013939182392608274,-0.00013489753128181903,-0.00013018109849793902,-0.00012542213994670703,-0.00012057394002384925,-0.00011564790052398521,-0.0001106566295590028,-0.00010561384814256058,-0.00010053423105116366,-9.543319720117793e-05,-9.032667560582297e-05,-8.523087506384641e-05,-8.016207958494448e-05,-7.513648082957403e-05,-7.017004875375932e-05,-6.527843498060903e-05,-6.047690079613588e-05,-5.5780261913440654e-05,-5.120284398296704e-05,-4.6758444963934664e-05,-4.2460302474012224e-05,-3.83210658139177e-05,-3.435277334551401e-05,-3.0566836402012854e-05,-2.6974030723714293e-05,-2.358449528472306e-05,-2.0407735861205367e-05,-1.745262586849705e-05,-1.4727388701007982e-05,-1.2239532279689769e-05,-9.99568648207827e-06,-8.00126767686038e-06,-6.259867986191381e-06,-4.772259618590624e-06,-3.534958699535906e-06,-2.5384705892861348e-06,-1.765675961884483e-06,-1.19120442620968e-06,-7.827179056008049e-07,-5.043655697534177e-07,-3.2141687178466327e-07,-2.042350906172885e-07,-1.302099241762278e-07,-8.358556424781227e-08,-5.407678527191706e-08,-3.523196445698318e-08,-2.3075467758815194e-08,-1.5160641186895418e-08,-9.968490921608009e-09,-6.5433618523513815e-09,-4.2756655993514414e-09,-2.7718463080361744e-09,-1.7753851722090985e-09,-1.1178391545740851e-09,-6.878551062072802e-10,-4.111497808878539e-10,-2.374438423657921e-10,-1.3205436744101462e-10,-7.073319707728842e-11,-3.665112657813552e-11,-1.8549162206227265e-11
38,-0.0001362849086703477,-0.00013197354618332824,-0.00012743735714604298,-0.00012285623534191714,-0.0001181816675228653,-0.00011342369138001018,-0.00010859358380432838,-0.00010370387892733035,-9.876832012034598e-05,-9.380173354678334e-05,-8.881982749198158e-05,-8.383893983898716e-05,-7.887576753962122e-05,-7.3947111661532e-05,-6.9069661277954e-05,-6.425982537949793e-05,-5.953361033350646e-05,-5.490653399764511e-05,-5.039356616443058e-05,-4.600908653085156e-05,-4.176685413215253e-05,-3.767998489534463e-05,-3.376093598772556e-05,-3.0021497000376485e-05,-2.6472788184683793e-05,-2.312526514636204e-05,-1.9988726819963887e-05,-1.707231845626822e-05,-1.438451255264539e-05,-1.193303636037868e-05,-9.724693554868935e-06,-7.765000569204261e-06,-6.057532254910569e-06,-4.6028689864030525e-06,-3.397103327529294e-06,-2.4300621919159937e-06,-1.6837558964866162e-06,-1.1319405124332604e-06,-7.41682310234637e-07,-4.770490638072999e-07,-3.0377769100198293e-07,-1.9305565812643977e-07,-1.2317351982815694e-07,-7.914644584161579e-08,-5.125392288363173e-08,-3.341866561257234e-08,-2.1899117186308104e-08,-1.439106478429153e-08,-9.461751826478348e-09,-6.208170422183912e-09,-4.053364754952327e-09,-2.6243465178765746e-09,-1.677746830353044e-09,-1.0536291839002843e-09,-6.461595702944578e-10,-3.846332141677067e-10,-2.2108359587491577e-10,-1.2234568913527255e-10,-6.52198295369999e-11,-3.3657521214536246e-11,-1.6984191830715645e-11
39,-0.00013295988842632056,-0.0001288361208136024,-0.00012448746540449918,-0.00012009242662980313,-0.00011560146766953494,-0.00011102331990286984,-0.00010636783967488128,-0.00010164610073903901,-9.687045738537847e-05,-9.205455056626732e-05,-8.721323135407744e-05,-8.236238969594467e-05,-7.751869925876065e-05,-7.26993119108954e-05,-6.792154658175065e-05,-6.320261199554977e-05,-5.855938633736457e-05,-5.400825838552947e-05,-4.9565022031572425e-05,-4.5244810854327966e-05,-4.1062060015306656e-05,-3.7030485873223995e-05,-3.316307750189651e-05,-2.947209703574316e-05,-2.596908727081626e-05,-2.2664884816059327e-05,-1.9569634739369235e-05,-1.669279752203323e-05,-1.4043129832330692e-05,-1.162860557535339e-05,-9.456221656378716e-06,-7.531605224819771e-06,-5.858314485074345e-06,-4.436727952139563e-06,-3.262496237610435e-06,-2.324749040383267e-06,-1.6046219837306808e-06,-1.0750238166323811e-06,-7.024862416216138e-07,-4.5107399238020207e-07,-2.8705599586231756e-07,-1.8247343458455134e-07,-1.1651377462840173e-07,-7.494155074283526e-08,-4.8576647593279176e-08,-3.169660534041441e-08,-2.0780638543271834e-08,-1.3658667086247078e-08,-8.979171184364532e-09,-5.888827203648361e-09,-3.8415439718164635e-09,-2.483827366006608e-09,-1.5847918533040684e-09,-9.925802402221962e-10,-6.066080970867915e-10,-3.595674868961396e-10,-2.056905756830929e-10,-1.1326051208015997e-10,-6.009148734165137e-11,-3.0886404545071855e-11,-1.554134598791279e-11
40,-0.00012940703322961156,-0.0001254742222167593,-0.00012131850781482711,-0.00011711577271178442,-0.00011281615706248971,-0.00010842729083826441,-0.0001039577529180491,-9.941717760408864e-05,-9.481636860009246e-05,-9.016740237122178e-05,-8.548369167993286e-05,-8.07799733575365e-05,-7.607218956806605e-05,-7.137725339223522e-05,-6.671272194491706e-05,-6.209642785748315e-05,-5.754612784780733e-05,-5.307921266073379e-05,-4.87124970636188e-05,-4.4462085933894e-05,-4.0343300153899975e-05,-3.637064390815681e-05,-3.255779828137406e-05,-2.8917631066605054e-05,-2.546221657606651e-05,-2.220286085474754e-05,-1.9150126536082723e-05,-1.6313846756155215e-05,-1.3703107981655194e-05,-1.1326165937575183e-05,-9.190235886968878e-06,-7.301070352738748e-06,-5.662214184631864e-06,-4.273835886081656e-06,-3.131127548350321e-06,-2.222505725235635e-06,-1.5282316274678465e-06,-1.0203986962054046e-06,-6.650697219612312e-07,-4.2638539810013754e-07,-2.7120788725909506e-07,-1.724569811401011e-07,-1.1020988655019437e-07,-7.095777565524486e-08,-4.603690140214667e-08,-3.0060854250280045e-08,-1.971700136493837e-08,-1.2961552720014424e-08,-8.519545957597074e-09,-5.584560369698011e-09,-3.6397063141180297e-09,-2.349963779124664e-09,-1.4963026373493449e-09,-9.345511031710885e-10,-5.691047633149537e-10,-3.3588598569167516e-10,-1.9121593197723996e-10,-1.0476686185256767e-10,-5.53264101199602e-11,-2.8325786161076394e-11,-1.4215295607300504e-11
41,-0.00012561805188404662,-0.00012187862923962456,-0.00011791984462217187,-0.00011391402906468784,-0.00010981156647460466,-0.00010561921509033567,-0.0001013445162350024,-9.699587785405583e-05,-9.258268063128128e-05,-8.811540430997411e-05,-8.36057626329989e-05,-7.90668213239698e-05,-7.451305872052671e-05,-6.996032162209787e-05,-6.542564106037929e-05,-6.092690805736822e-05,-5.648245510059269e-05,-5.2110619554568416e-05,-4.78293627264037e-05,-4.36559880769849e-05,-3.9606965474447975e-05,-3.569784346169058e-05,-3.194322319455267e-05,-2.8356770264359454e-05,-2.495124729406939e-05,-2.173855540821279e-05,-1.8729774462933335e-05,-1.5935188730331618e-05,-1.3364275625704636e-05,-1.1025619204296788e-05,-8.926686345667179e-06,-7.073375268618065e-06,-5.4692246038712256e-06,-4.114187426296212e-06,-3.0029832744915552e-06,-2.1233031253231616e-06,-1.4545392019726933e-06,-9.68007685564487e-07,-6.293723791017669e-07,-4.029290883167391e-07,-2.5619077081984187e-07,-1.6297616234339785e-07,-1.0424207275150366e-07,-6.718271716721347e-08,-4.362707084482054e-08,-2.8506748073198196e-08,-1.870532351233578e-08,-1.2297920903847626e-08,-8.081735280995872e-09,-5.294637617225817e-09,-3.4473739418672267e-09,-2.2224408979809596e-09,-1.412079342344441e-09,-8.794041050919077e-10,-5.335554220664562e-10,-3.135234294404654e-10,-1.7761525583637194e-10,-9.683009949412735e-11,-5.0897064340915676e-11,-2.595879067257556e-11,-1.2994050280212832e-11
42,-0.00012158560371311466,-0.00011804135265158777,-0.00011428248745648517,-0.00011047704833622163,-0.00010657609832076531,-0.00010258571149890372,-9.85126180026441e-05,-9.436425646125457e-05,-9.014884746783025e-05,-8.587549371341652e-05,-8.155430990797186e-05,-7.71965784922557e-05,-7.281491352362224e-05,-6.842339496593297e-05,-6.403761583761991e-05,-5.9674580016100265e-05,-5.535241531173796e-05,-5.108992473967788e-05,-4.690606007518028e-05,-4.281942650319337e-05,-3.884790128427795e-05,-3.500839618908458e-05,-3.131674768219739e-05,-2.7787697821857194e-05,-2.4434928608485507e-05,-2.1271120814958522e-05,-1.830801583135866e-05,-1.555646042827874e-05,-1.3026407949645602e-05,-1.0726834277718922e-05,-8.665503137272879e-06,-6.848487013044746e-06,-5.279331083407612e-06,-3.957771516738262e-06,-2.8780447856036062e-06,-2.0271081426770365e-06,-1.3834960119751827e-06,-9.177915609726028e-07,-5.953335628916534e-07,-3.806517065996218e-07,-2.4196338266335715e-07,-1.540021168366934e-07,-9.859152516611402e-08,-6.360462290189162e-08,-4.1339948353424916e-08,-2.702987611513663e-08,-1.7742872060466652e-08,-1.1666057453396661e-08,-7.664648471461533e-09,-5.0183590616370566e-09,-3.2640903313563285e-09,-2.1009674000538325e-09,-1.3319212399665048e-09,-8.270104601137973e-10,-4.998756963914275e-10,-2.9241942200997073e-10,-1.6484591469634324e-10,-8.942357965224801e-11,-4.67874627929632e-11,-2.3772095403273852e-11,-1.1869616400872474e-11
43,-0.00011730293798084546,-0.00011395518574186525,-0.00011039854397676407,-0.00010679613814357225,-0.00010310004476998813,-9.931578512745176e-05,-9.544944762218677e-05,-9.150771517418832e-05,-8.74979066143311e-05,-8.34280387280728e-05,-7.93069166302729e-05,-7.514425998333962e-05,-7.095086856789834e-05,-6.673881970531426e-05,-6.252166913522927e-05,-5.8314597302100424e-05,-5.413441798562957e-05,-4.999937139160693e-05,-4.5928680437512526e-05,-4.194194154027997e-05,-3.805849200766431e-05,-3.4296893427487873e-05,-3.067460312067283e-05,-2.7207828122044475e-05,-2.3911511290108933e-05,-2.0799391198700334e-05,-1.7884087569974838e-05,-1.5177174391922676e-05,-1.268920395869344e-05,-1.0429634099473617e-05,-8.406588918319358e-06,-6.6263561819823735e-06,-5.092508692960962e-06,-3.804570083865144e-06,-2.7562880617892915e-06,-1.9338833334714423e-06,-1.3150501612102516e-06,-8.696894013837664e-07,-5.628924464318175e-07,-3.5950080334856693e-07,-2.2848576541889543e-07,-1.4550721161299407e-07,-9.324036387425849e-08,-6.021236664821572e-08,-3.916871271769651e-08,-2.5626050614846463e-08,-1.6827060633772817e-08,-1.106433700215348e-08,-7.267249912956686e-09,-4.755051463689597e-09,-3.089420275159682e-09,-1.985252851000041e-09,-1.255644477282658e-09,-7.772431587227402e-10,-4.679758802694778e-10,-2.725144554460712e-10,-1.5286527599300825e-10,-8.251177519014163e-11,-4.297628919402996e-11,-2.1756818568974268e-11,-1.0836664898761228e-11
44,-0.00011276364654566606,-0.00010961338950910005,-0.00010626080222753131,-0.00010286353927568825,-9.937495696998866e-05,-9.580010876408807e-05,-9.214455404027433e-05,-8.84143690420558e-05,-8.461616539356953e-05,-8.07571211449698e-05,-7.684503115612529e-05,-7.288838574215362e-05,-6.889648800711967e-05,-6.487961963763667e-05,-6.0849258280981644e-05,-5.6818331716890214e-05,-5.280146058517232e-05,-4.881509801002437e-05,-4.487744775527602e-05,-4.1008076310689034e-05,-3.7227245746507265e-05,-3.355512691793905e-05,-3.0011103996585575e-05,-2.661331336106798e-05,-2.337843839850251e-05,-2.0321694707448046e-05,-1.7456914994440353e-05,-1.479665409132025e-05,-1.2352249561864426e-05,-1.013377486192013e-05,-8.149807372959117e-06,-6.406910571854496e-06,-4.908718787000055e-06,-3.6545561421519324e-06,-2.6376826811613796e-06,-1.8435864124199952e-06,-1.2491463978747674e-06,-8.236385911075672e-07,-5.319880855836345e-07,-3.394248562216262e-07,-2.157192682261666e-07,-1.3746499227806908e-07,-8.817158203555664e-08,-5.6995391517489224e-08,-3.7106897110561476e-08,-2.429130496750531e-08,-1.5955421872604347e-08,-1.0491209678775704e-08,-6.888550174721786e-09,-4.504080663991772e-09,-2.9229525466689665e-09,-1.8750307972936753e-09,-1.1830660895384426e-09,-7.299840731889162e-10,-4.3777870217809323e-10,-2.537525745083258e-10,-1.4163070716222137e-10,-7.606981711205663e-11,-3.944400361888256e-11,-1.9896972958122205e-11,-9.887202168101794e-12
45,-0.00010796149955805134,-0.000105009482240348,-0.000101862444694234,-9.86720529585483e-05,-9.539316699314071e-05,-9.20304255318527e-05,-8.858892953966802e-05,-8.507424350590043e-05,-8.149239993482382e-05,-7.784991016723808e-05,-7.415378621811186e-05,-7.041158025877792e-05,-6.66314509771837e-05,-6.282226907750044e-05,-5.8993776079319105e-05,-5.515680892909103e-05,-5.1323590932739194e-05,-4.750805863196206e-05,-4.372613979519713e-05,-3.9995836528916584e-05,-3.6336955675508875e-05,-3.2770430885342705e-05,-2.93173777707878e-05,-2.5998169890684153e-05,-2.2831787166666118e-05,-1.9835514885713224e-05,-1.702491371258219e-05,-1.4413921084255321e-05,-1.2014954607231232e-05,-9.83891149619609e-06,-7.894964527466186e-06,-6.190045204412797e-06,-4.727903668566569e-06,-3.5076909750131335e-06,-2.5221903259264877e-06,-1.7561695093704088e-06,-1.1857258170877572e-06,-7.79574777176606e-07,-5.025594544960654e-07,-3.203732754641919e-07,-2.036264934446308e-07,-1.2985012531885332e-07,-8.336898904559575e-08,-5.394367352806739e-08,-3.5148363330961274e-08,-2.3021863526651032e-08,-1.5125606545041137e-08,-9.945189560767176e-09,-6.527602458561432e-09,-4.2648338194339885e-09,-2.7642865774168968e-09,-1.7700338972304053e-09,-1.1140173228341155e-09,-6.851186284961841e-10,-4.092060024163402e-10,-2.360769357778736e-10,-1.3110579288877489e-10,-7.007106006540198e-11,-3.6172842499127e-11,-1.8181900429681264e-11,-9.014122781536571e-12
46,-0.00010289033700505712,-0.00010013710100409412,-9.719685877129791e-05,-9.421479041815672e-05,-9.114745842087046e-05,-8.799911978574215e-05,-8.477446018861912e-05,-8.147859009444147e-05,-7.811704142302034e-05,-7.469576665819488e-05,-7.122114332158702e-05,-6.769998802269583e-05,-6.413958634521322e-05,-6.054774766273141e-05,-5.6932897732231424e-05,-5.330422606331098e-05,-4.96719076013008e-05,-4.604741366076581e-05,-4.244390407048826e-05,-3.8876637068696596e-05,-3.5363244535346894e-05,-3.192364717463647e-05,-2.8579436194497987e-05,-2.5352787681676148e-05,-2.2265257822340345e-05,-1.933686217370223e-05,-1.6585621562370534e-05,-1.4027488154155776e-05,-1.1676439928720583e-05,-9.544537258321384e-06,-7.6417769863113e-06,-5.97560578352585e-06,-4.54997806276225e-06,-3.3639197143386923e-06,-2.4097625299646097e-06,-1.671578078621394e-06,-1.124725391932202e-06,-7.374317076980219e-07,-4.7454538965041593e-07,-3.0229637282275235e-07,-1.9217123536918734e-07,-1.226383199437464e-07,-7.881714925161987e-08,-5.1047676308257905e-08,-3.3287266276715854e-08,-2.181412561697016e-08,-1.4335376441465542e-08,-9.424861779905314e-09,-6.183500822487531e-09,-4.0367256204376645e-09,-2.613039562504582e-09,-1.6700187899232333e-09,-1.048331199626773e-09,-6.425384668773404e-10,-3.82176956748026e-10,-2.1943780126321144e-10,-1.212505651437823e-10,-6.448708234074729e-11,-3.3145042266369273e-11,-1.660271919945444e-11,-8.212097668547358e-12
47,-9.754399642414313e-05,-9.498991011636093e-05,-9.22575122750402e-05,-8.948500845384899e-05,-8.663084879234617e-05,-8.369892942550194e-05,-8.069354704165477e-05,-7.761939251071936e-05,-7.448154356115566e-05,-7.128545765944239e-05,-6.803696693502559e-05,-6.474227758435092e-05,-6.140797775611162e-05,-5.8041059576297016e-05,-5.4648963936365647e-05,-5.123966079256803e-05,-4.7821783206281054e-05,-4.4404839329104107e-05,-4.0999528957641473e-05,-3.7618179427489906e-05,-3.427526908517109e-05,-3.0987904146684286e-05,-2.777597848790947e-05,-2.4661704160600095e-05,-2.1668430169263786e-05,-1.8819107521217404e-05,-1.6134994781147327e-05,-1.3634962657604888e-05,-1.1335323745420567e-05,-9.249872178429541e-06,-7.3898148258422225e-06,-5.763359879118468e-06,-4.3748146474342775e-06,-3.2231641080571194e-06,-2.3003370488439145e-06,-1.5897491083549653e-06,-1.0660771554427129e-06,-6.971409050038346e-07,-4.478844530808601e-07,-2.851452407526267e-07,-1.8131837187240762e-07,-1.1580623482387864e-07,-7.450129668740146e-08,-4.8298294252901997e-08,-3.151802463463582e-08,-2.0664648658907936e-08,-1.3582575064674529e-08,-8.928865646851136e-09,-5.855367746221418e-09,-3.819189409171031e-09,-2.468843796066267e-09,-1.5747385617714826e-09,-9.858496241577086e-10,-6.021307896730832e-10,-3.56622287256414e-10,-2.0377921572389823e-10,-1.12031273147295e-10,-5.929301494234096e-11,-3.034283935221538e-11,-1.5146106591146236e-11,-7.474021401776554e-12
48,-9.191626367055505e-05,-8.956153956418689e-05,-8.70378709230124e-05,-8.447600150507384e-05,-8.183644756787345e-05,-7.912275812316238e-05,-7.633885723645761e-05,-7.34890366818064e-05,-7.057794686371466e-05,-6.761058678517173e-05,-6.459229407340672e-05,-6.152873673315185e-05,-5.8425908957993045e-05,-5.529013445570996e-05,-5.2128082573155154e-05,-4.8946805177862984e-05,-4.575380643245808e-05,-4.2557163881795645e-05,-3.936572741469746e-05,-3.618943101901806e-05,-3.303975208446275e-05,-2.99303226114489e-05,-2.6877598193308927e-05,-2.3901304744278207e-05,-2.1024215572928995e-05,-1.8270949936116665e-05,-1.5666067429975783e-05,-1.323226309679626e-05,-1.098929808751592e-05,-8.953645064480042e-06,-7.13839283683626e-06,-5.552943611597527e-06,-4.202218145010761e-06,-3.085309918660073e-06,-2.193831732277829e-06,-1.5106081709959085e-06,-1.0097068221526229e-06,-6.586310199452328e-07,-4.225146037484251e-07,-2.6887154636057176e-07,-1.7103370364424109e-07,-1.0933133687274221e-07,-7.040725424900529e-08,-4.5686789462706656e-08,-2.983527203070935e-08,-1.9570109976996264e-08,-1.2865124965344421e-08,-8.455876887580871e-09,-5.5423603484427986e-09,-3.611677179549133e-09,-2.3313422303772313e-09,-1.4839622863860313e-09,-9.264180533818944e-10,-5.637987854356652e-10,-3.324736042031873e-10,-1.8905321752527016e-10,-1.0340972522726588e-10,-5.446576523127078e-11,-2.7754687437209213e-11,-1.3807621712658147e-11,-6.7981176243847585e-12
49,-8.60008383662958e-05,-8.384554246543274e-05,-8.153134247024241e-05,-7.918102967607865e-05,-7.675736261347765e-05,-7.426355291606512e-05,-7.170316265447951e-05,-6.908009690143047e-05,-6.639859420509708e-05,-6.366321543804787e-05,-6.087883174288322e-05,-5.805061262087463e-05,-5.518401565574038e-05,-5.228478002372583e-05,-4.935892700697053e-05,-4.641277228678575e-05,-4.345295735230792e-05,-4.0486511441173434e-05,-3.752096173759156e-05,-3.456451916683534e-05,-3.162637951170666e-05,-2.8717189795024467e-05,-2.5849718922721365e-05,-2.3039692662152333e-05,-2.0306543586201542e-05,-1.7673524765449145e-05,-1.5166588647197443e-05,-1.2812083392432783e-05,-1.0634261834674419e-05,-8.653644991696297e-06,-6.886350253587636e-06,-5.343756585673987e-06,-4.031875846521871e-06,-2.950183658256833e-06,-2.0901334947254213e-06,-1.4340641456556114e-06,-9.555312621145617e-07,-6.218266284108154e-07,-3.983725704870267e-07,-2.5342714948806133e-07,-1.6128367175127778e-07,-1.0319172449868574e-07,-6.652127915174333e-08,-4.320470115004582e-08,-2.823380462757541e-08,-1.852728548357163e-08,-1.2181001096678301e-08,-8.004610307921212e-09,-5.243646405972413e-09,-3.4136515836280523e-09,-2.2001866994969532e-09,-1.3974625900914361e-09,-8.698863851464012e-10,-5.274376491115618e-10,-3.0965630060109106e-10,-1.752118450326634e-10,-9.535394696058574e-11,-4.998046421178515e-11,-2.5363711131376476e-11,-1.2573941887694673e-11,-6.176392730594671e-12
50,-7.979130873358997e-05,-7.783536460870266e-05,-7.573123766846379e-05,-7.359326938960464e-05,-7.138663727257466e-05,-6.911422314459514e-05,-6.677923453057844e-05,-6.438519762586026e-05,-6.193594801384705e-05,-5.9435619474079715e-05,-5.6888631378093635e-05,-5.429967540315772e-05,-5.167370256042858e-05,-4.9015911966598935e-05,-4.633174344537139e-05,-4.362687690750988e-05,-4.090724294147918e-05,-3.81790514616398e-05,-3.5448849001973315e-05,-3.272362146500285e-05,-3.001096920751678e-05,-2.7319396086689096e-05,-2.4658772192154288e-05,-2.204103757375009e-05,-1.9481165253409927e-05,-1.6998199347639797e-05,-1.4615767685910441e-05,-1.2361150655060271e-05,-1.026256496938771e-05,-8.345765956541129e-06,-6.631578592042331e-06,-5.134740526990811e-06,-3.863256313962893e-06,-2.8175064334945432e-06,-1.989077114572524e-06,-1.3599993353707873e-06,-9.034537908902962e-07,-5.86645897193705e-07,-3.753926209881797e-07,-2.3876337351680377e-07,-1.5203490733028957e-07,-9.736580253161264e-08,-6.282987996542033e-08,-4.084371241219742e-08,-2.6708497635752337e-08,-1.7532984841750476e-08,-1.152818729366345e-08,-7.573780713698852e-09,-4.95840080105836e-09,-3.224577937999129e-09,-2.0750254847712313e-09,-1.3150094346769947e-09,-8.161036291198798e-10,-4.929496810746059e-10,-2.881055394254872e-10,-1.6220980114667327e-10,-8.783018756730598e-11,-4.581757195865066e-11,-2.3153035044742865e-11,-1.1441514402577013e-11,-5.60440582830779e-12
51,-7.328113248306067e-05,-7.152432176749102e-05,-6.963074192878338e-05,-6.770577838910441e-05,-6.571720664005909e-05,-6.366758526255012e-05,-6.15597730604378e-05,-5.939692267720176e-05,-5.718247198327475e-05,-5.49201334383298e-05,-5.2613881805108065e-05,-5.0267940763681906e-05,-4.788676915001844e-05,-4.5475047824261594e-05,-4.3037668607581736e-05,-4.0579727293987844e-05,-3.8106523566838746e-05,-3.562357209663247e-05,-3.313663121939925e-05,-3.0651759158395464e-05,-2.8175413715914033e-05,-2.5714621057382203e-05,-2.3277255110087935e-05,-2.0872491678147753e-05,-1.851152379206411e-05,-1.6208608037970862e-05,-1.398234243765728e-05,-1.1856589683389984e-05,-9.859824955604779e-06,-8.021998298524124e-06,-6.369969279163001e-06,-4.923882111818045e-06,-3.695386042501525e-06,-2.686795177453405e-06,-1.8904012124565384e-06,-1.2882494022647961e-06,-8.533547566358379e-07,-5.529959654637651e-07,-3.5350413174484174e-07,-2.2482962780401294e-07,-1.4325338870690985e-07,-9.183176619131928e-08,-5.931946933657173e-08,-3.859544328577158e-08,-2.5254164981447502e-08,-1.6583966200300893e-08,-1.0904642522291397e-08,-7.162078929923155e-09,-4.685782428737184e-09,-3.0439082365774084e-09,-1.9555059793674445e-09,-1.236371893753585e-09,-7.64919683149401e-10,-4.602345171633715e-10,-2.6775204275963915e-10,-1.4999468334053745e-10,-8.080380808905829e-11,-4.1952219476115715e-11,-2.1113777393111377e-11,-1.0396128402589966e-11,-5.079492382265016e-12
52,-6.646362163298392e-05,-6.490558199345742e-05,-6.322289381888169e-05,-6.151146976218769e-05,-5.974186590052e-05,-5.791632383278511e-05,-5.6037358747040855e-05,-5.4107753872933984e-05,-5.213055270036904e-05,-5.010904926727733e-05,-4.804677667635815e-05,-4.594749436304113e-05,-4.38151745809634e-05,-4.165398895850103e-05,-3.9468296127331826e-05,-3.726263188585932e-05,-3.5041703940308366e-05,-3.281039402569519e-05,-3.05737716601584e-05,-2.833712570726732e-05,-2.6106023353733576e-05,-2.3886411590012813e-05,-2.1684785536990603e-05,-1.9508463330986103e-05,-1.7366031598520237e-05,-1.5268056481332337e-05,-1.3228165325784857e-05,-1.1264482070671988e-05,-9.400897663880414e-06,-7.666720597931942e-06,-6.093102879134449e-06,-4.7070451163477856e-06,-3.5263197215584796e-06,-2.5571326567330743e-06,-1.7936486917946581e-06,-1.2185592774827114e-06,-8.050712025919893e-07,-5.207630922043904e-07,-3.326265067826739e-07,-2.1157059393317468e-07,-1.3490277872563183e-07,-8.656658678773965e-08,-5.597573426996405e-08,-3.645104129645915e-08,-2.3865300846637183e-08,-1.5676774545170247e-08,-1.0308163211902865e-08,-6.768097193798894e-09,-4.4248764652365935e-09,-2.8710527288922094e-09,-1.8412453783867022e-09,-1.1613021655421107e-09,-7.16173786940999e-10,-4.291829114322354e-10,-2.4852475632997084e-10,-1.3852297087169063e-10,-7.424816317325167e-11,-3.836575501736661e-11,-1.922817460808801e-11,-9.43600753089413e-12,-4.597211500367848e-12
53,-5.933192987939151e-05,-5.7972151168428354e-05,-5.650056794870295e-05,-5.5003091801175685e-05,-5.345324636518711e-05,-5.185296267562478e-05,-5.0204417354038355e-05,-4.851002789152403e-05,-4.677244588613405e-05,-4.499454838757799e-05,-4.31794275579378e-05,-4.133037897613434e-05,-3.945088904533378e-05,-3.754462209482057e-05,-3.561540801744201e-05,-3.36672315510711e-05,-3.170422471576728e-05,-2.9730664535598805e-05,-2.775097898677359e-05,-2.576976544421683e-05,-2.3791827947761135e-05,-2.1822242677771442e-05,-1.9866466244522485e-05,-1.793050980758437e-05,-1.6021215970773994e-05,-1.4146698337214048e-05,-1.2317035888109729e-05,-1.0545339190315417e-05,-8.849226351692607e-06,-7.252278905411913e-06,-5.783898990863179e-06,-4.475274423931808e-06,-3.3518168658375203e-06,-2.4265852331950555e-06,-1.6979188552923574e-06,-1.1504761934233443e-06,-7.583488343954059e-07,-4.897897953881625e-07,-3.1265756206266815e-07,-1.9891992764087263e-07,-1.2694082496267356e-07,-8.154384367742296e-08,-5.2782301196430126e-08,-3.4400348347674026e-08,-2.2535551202906845e-08,-1.4807388204474137e-08,-9.736186079578601e-09,-6.390184381643849e-09,-4.174620649166627e-09,-2.705324853025104e-09,-1.7317995926191543e-09,-1.0895169211266875e-09,-6.696811993833762e-10,-3.9968028886505635e-10,-2.3034729679238808e-10,-1.277395966781114e-10,-6.81215084341602e-11,-3.503597412191084e-11,-1.7486456727056066e-11,-8.551381824872806e-12,-4.1531222905177856e-12
54,-5.1879041640390255e-05,-5.071686066226988e-05,-4.9456460702757e-05,-4.817321152916776e-05,-4.6843796331685894e-05,-4.5469842478773614e-05,-4.405319335010205e-05,-4.25959044738633e-05,-4.11002378157832e-05,-3.9568654295329964e-05,-3.8003804760933235e-05,-3.640851961161928e-05,-3.4785797484282455e-05,-3.313879346222848e-05,-3.1470807477340657e-05,-2.9785273800264633e-05,-2.80857528043299e-05,-2.6375926635680003e-05,-2.465960107489451e-05,-2.294071670139175e-05,-2.1223373931178457e-05,-1.9511878391220705e-05,-1.781081623875025e-05,-1.6125173668335435e-05,-1.4460522254289288e-05,-1.2823303476849901e-05,-1.1221264148097987e-05,-9.664120582009161e-06,-8.164551582368063e-06,-6.739562653734765e-06,-5.411855148906852e-06,-4.2096330794549885e-06,-3.162109953436243e-06,-2.290638112967258e-06,-1.6011874812704718e-06,-1.0830599013189612e-06,-7.127146250951455e-07,-4.5981563623342936e-07,-2.934440921364967e-07,-1.8678461266574686e-07,-1.193105347851997e-07,-7.672852664342145e-08,-4.971756162319707e-08,-3.2429904983644064e-08,-2.125644460448939e-08,-1.3970415047026563e-08,-9.185249005838614e-09,-6.026103172018793e-09,-3.933569026060013e-09,-2.5457929098138266e-09,-1.626572654345182e-09,-1.0206369083221034e-09,-6.25201224124794e-10,-3.715747709520656e-10,-2.1312196452072385e-10,-1.1758416462726018e-10,-6.23892049134156e-11,-3.1939784150836203e-11,-1.587707743055944e-11,-7.73603403558809e-12,-3.742783860616328e-12
55,-4.409776215386074e-05,-4.313235631592249e-05,-4.20830777674297e-05,-4.101420063218342e-05,-3.990576509416144e-05,-3.8759102447549765e-05,-3.757572873652748e-05,-3.635734171503202e-05,-3.510581617316433e-05,-3.382319772793352e-05,-3.251169517426433e-05,-3.117367162897011e-05,-2.9811634734144832e-05,-2.842822633120079e-05,-2.7026212105596414e-05,-2.5608471958982193e-05,-2.4177992012042182e-05,-2.2737859579180508e-05,-2.129126285321803e-05,-1.9841497762129734e-05,-1.8391985425303403e-05,-1.6946305041898313e-05,-1.5508249052054168e-05,-1.4081910372887307e-05,-1.267181563502362e-05,-1.1283124352168272e-05,-9.921922163869112e-06,-8.59564731126028e-06,-7.313701595457189e-06,-6.0882983108356825e-06,-4.9355317273125365e-06,-3.876303003913506e-06,-2.935690842420513e-06,-2.1381436683398647e-06,-1.4983161911175102e-06,-1.0140043080753003e-06,-6.670922507723276e-07,-4.3030133412003124e-07,-2.7469606678209857e-07,-1.7500016724625311e-07,-1.1191531790188947e-07,-7.206253016533992e-08,-4.674587916753126e-08,-3.0517480986702594e-08,-2.0013907864324665e-08,-1.3156850720008606e-08,-8.649545080174903e-09,-5.672100122922075e-09,-3.6992924279388717e-09,-2.3908928170612853e-09,-1.5245689155563014e-09,-9.54032408628791e-10,-5.823519444447811e-10,-3.446274376983638e-10,-1.9670576278940644e-10,-1.0797052141242602e-10,-5.700151461951464e-11,-2.9045210681033495e-11,-1.4380496793364728e-11,-6.978417843583884e-12,-3.3644198538240744e-12
56,-3.598070825816535e-05,-3.52110883099499e-05,-3.4372722821807145e-05,-3.3518222871009584e-05,-3.2631188878973205e-05,-3.171266454771171e-05,-3.0763845254355715e-05,-2.978607580494952e-05,-2.8780846791143233e-05,-2.774978964925623e-05,-2.6694670487437122e-05,-2.5617382850562365e-05,-2.451993963603627e-05,-2.340446446158495e-05,-2.227318292558067e-05,-2.1128414271487372e-05,-1.9972564259340686e-05,-1.8808120207935985e-05,-1.7637649626145446e-05,-1.646380431274963e-05,-1.5289332554679902e-05,-1.4117103130928399e-05,-1.2950146169643517e-05,-1.1791718017128971e-05,-1.0645399860287341e-05,-9.515243209357038e-06,-8.405979199821445e-06,-7.323312016360717e-06,-6.274317290611009e-06,-5.267957758903208e-06,-4.315695606216252e-06,-3.432080522003389e-06,-2.634902857678867e-06,-1.94381397733423e-06,-1.3756528129960088e-06,-9.368142004362312e-07,-6.184860446012408e-07,-3.9981886246209797e-07,-2.556908293982474e-07,-1.631779600330674e-07,-1.0453520982167674e-07,-6.741623970185628e-08,-4.378844309371743e-08,-2.8613999170090665e-08,-1.8776835197797936e-08,-1.2346741407043282e-08,-8.11618505736078e-09,-5.319831686279031e-09,-3.4664093817582398e-09,-2.2371757779637846e-09,-1.4236016809832108e-09,-8.883453972430289e-10,-5.402949199151408e-10,-3.183462382594371e-10,-1.808126981472924e-10,-9.873613038280382e-11,-5.186429063996911e-11,-2.630606843467831e-11,-1.2969181284461229e-11,-6.269651464663184e-12,-3.007372129104624e-12
57,-2.7520299533456694e-05,-2.694530148694696e-05,-2.6317486913285393e-05,-2.567722241053616e-05,-2.5011878027392243e-05,-2.432221933990064e-05,-2.360912867338527e-05,-2.2873603543693832e-05,-2.2116754017531548e-05,-2.1339799052277897e-05,-2.054406182683266e-05,-1.9730964230468828e-05,-1.8902020616273774e-05,-1.805883109717854e-05,-1.720307463504156e-05,-1.6336502389080465e-05,-1.546093184323638e-05,-1.4578242487850446e-05,-1.3690374080610468e-05,-1.2799328894530504e-05,-1.1907179928272171e-05,-1.1016087728243917e-05,-1.0128329651415413e-05,-9.246346610147782e-06,-8.372814269463902e-06,-7.51074764338e-06,-6.663650037097568e-06,-5.83571801993088e-06,-5.032110943048451e-06,-4.259281271679072e-06,-3.5253310253224868e-06,-2.8402949903139074e-06,-2.216134197041697e-06,-1.6660390480538467e-06,-1.2024349489436759e-06,-8.332345453609946e-07,-5.574347339276642e-07,-3.6368084188609373e-07,-2.3406542215553827e-07,-1.5007091391794347e-07,-9.647741183727021e-08,-6.238670913205624e-08,-4.0602065709549606e-08,-2.656853936855441e-08,-1.7449695910443097e-08,-1.1478833883415973e-08,-7.54561924054542e-09,-4.9437121063533596e-09,-3.2184104270527314e-09,-2.0740804629326703e-09,-1.3170069479429003e-09,-8.194511735837295e-10,-4.965485800312308e-10,-2.9126923095645907e-10,-1.646114355935424e-10,-8.942713236592681e-11,-4.674038933671909e-11,-2.3598012433012627e-11,-1.1582734771309333e-11,-5.575984118877386e-12,-2.660982545421575e-12
58,-1.8708749665918845e-05,-1.8327025983921885e-05,-1.7909238198221544e-05,-1.7482912680222285e-05,-1.703940484265587e-05,-1.65792127582165e-05,-1.6102914369042765e-05,-1.5611166526596776e-05,-1.5104703334323233e-05,-1.4584333717593267e-05,-1.405093831241544e-05,-1.3505465725316412e-05,-1.2948928274525429e-05,-1.2382397349242069e-05,-1.1806998599261931e-05,-1.122390721786104e-05,-1.0634343713178396e-05,-1.0039570632613959e-05,-9.440890986311956e-06,-8.839649252578852e-06,-8.23723631615536e-06,-7.635100122804772e-06,-7.0347645610979725e-06,-6.437859918051458e-06,-5.846169481849017e-06,-5.261697997305248e-06,-4.686768835249211e-06,-4.1241565531535684e-06,-3.5772584396909224e-06,-3.0502986589908687e-06,-2.5485354289145334e-06,-2.078397962179679e-06,-1.6474122270793146e-06,-1.2637028596884647e-06,-9.348501199824e-07,-6.660646034717388e-07,-4.5813562277174924e-07,-3.06264245075738e-07,-2.009398967217635e-07,-1.3067774595754145e-07,-8.486838964927301e-08,-5.527279611783342e-08,-3.614986887612304e-08,-2.373380336706532e-08,-1.5621240301300077e-08,-1.0288828455884413e-08,-6.7669532199943205e-09,-4.43311964914983e-09,-2.8839597376872916e-09,-1.8560015746516e-09,-1.176048591844392e-09,-7.296074855389634e-10,-4.404476783292921e-10,-2.5719959495518196e-10,-1.446327502208078e-10,-7.816769453938832e-11,-4.065370262651413e-11,-2.042988000994228e-11,-9.986678151108208e-12,-4.785505325344275e-12,-2.27018404075352e-12
59,-9.538057824443058e-06,-9.348067909087376e-06,-9.139611857555963e-06,-8.926765452166308e-06,-8.705091821603617e-06,-8.474833399496617e-06,-8.236273576933684e-06,-7.989736299229833e-06,-7.735585265677969e-06,-7.47422273494891e-06,-7.206087969890973e-06,-6.93165534126905e-06,-6.651432151727477e-06,-6.365956224385627e-06,-6.075793409721086e-06,-5.781535079130151e-06,-5.483795850302897e-06,-5.18321176556924e-06,-4.880439293586392e-06,-4.5761555860224234e-06,-4.271060713101349e-06,-3.96588275730636e-06,-3.6613869820456557e-06,-3.35839084808498e-06,-3.0577870822057207e-06,-2.76057763937132e-06,-2.46792187130751e-06,-2.1812019399547466e-06,-1.9021067103608402e-06,-1.6327297869267454e-06,-1.3756653451935108e-06,-1.1340634085144075e-06,-9.115752268584743e-07,-7.120926346360079e-07,-5.392004052140464e-07,-3.9537025742220067e-07,-2.8113629646497884e-07,-1.946726166934809e-07,-1.3210600169344389e-07,-8.847556909330478e-08,-5.8837170691106166e-08,-3.901427447772221e-08,-2.5851770502072213e-08,-1.712904129647086e-08,-1.1344586603456719e-08,-7.50243778213644e-09,-4.946386411575077e-09,-3.244250201817067e-09,-2.110790653375716e-09,-1.3572671875294873e-09,-8.584759569885136e-10,-5.311191486612188e-10,-3.1944313860776674e-10,-1.8570656123984008e-10,-1.0391243421281615e-10,-5.587352802649548e-11,-2.8917312988596677e-11,-1.446665010007564e-11,-7.041478511382593e-12,-3.3590907833058736e-12,-1.5845103007450234e-12
60,-8.881784197001252e-16,-8.881784197001252e-16,-0.0,-1.7763568394002505e-15,-8.881784197001252e-16,-8.881784197001252e-16,-1.7763568394002505e-15,-1.7763568394002505e-15,-8.881784197001252e-16,-8.881784197001252e-16,-1.7763568394002505e-15,-1.7763568394002505e-15,-8.881784197001252e-16,-1.7763568394002505e-15,-8.881784197001252e-16,-1.7763568394002505e-15,-8.881784197001252e-16,-8.881784197001252e-16,-1.7763568394002505e-15,-8.881784197001252e-16,-0.0,-0.0,-8.881784197001252e-16,-8.881784197001252e-16,-8.881784197001252e-16,-8.881784197001252e-16,-8.881784197001252e-16,8.881784197001252e-16,-0.0,-8.881784197001252e-16,-0.0,-8.881784197001252e-16,-8.881784197001252e-16,-8.881784197001252e-16,-8.881784197001252e-16,-8.881784197001252e-16,-1.7763568394002505e-15,-1.7763568394002505e-15,-8.881784197001252e-16,-8.881784197001252e-16,-8.881784197001252e-16,-8.881784197001252e-16,-8.881784197001252e-16,-8.881784197001252e-16,-1.7763568394002505e-15,-0.0,-8.881784197001252e-16,-8.881784197001252e-16,-8.881784197001252e-16,-8.881784197001252e-16,-8.881784197001252e-16,-0.0,-8.881784197001252e-16,-1.7763568394002505e-15,-8.881784197001252e-16,-0.0,-8.881784197001252e-16,-8.881784197001252e-16,-8.881784197001252e-16,-8.881784197001252e-16,-1.7763568394002505e-15
